USE AmazonGo;

INSERT INTO `amazongo`.`Location` (`LocationID`, `LocationName`, `City`, `Country`, `Region`, `Latitude`, `Longitude`) VALUES
(1, 'Location 1', 'City 1', 'Country 1', 'Region 1', '10.0000', '20.0000'),
(2, 'Location 2', 'City 2', 'Country 2', 'Region 2', '11.0000', '21.0000'),
(3, 'Location 3', 'City 3', 'Country 3', 'Region 3', '12.0000', '22.0000'),
(4, 'Location 4', 'City 4', 'Country 4', 'Region 4', '13.0000', '23.0000'),
(5, 'Location 5', 'City 5', 'Country 5', 'Region 5', '14.0000', '24.0000'),
(6, 'Location 6', 'City 6', 'Country 6', 'Region 6', '15.0000', '25.0000'),
(7, 'Location 7', 'City 7', 'Country 7', 'Region 7', '16.0000', '26.0000'),
(8, 'Location 8', 'City 8', 'Country 8', 'Region 8', '17.0000', '27.0000'),
(9, 'Location 9', 'City 9', 'Country 9', 'Region 9', '18.0000', '28.0000'),
(10, 'Location 10', 'City 10', 'Country 10', 'Region 10', '19.0000', '29.0000'),
(11, 'Location 11', 'City 11', 'Country 11', 'Region 11', '20.0000', '30.0000'),
(12, 'Location 12', 'City 12', 'Country 12', 'Region 12', '21.0000', '31.0000'),
(13, 'Location 13', 'City 13', 'Country 13', 'Region 13', '22.0000', '32.0000'),
(14, 'Location 14', 'City 14', 'Country 14', 'Region 14', '23.0000', '33.0000'),
(15, 'Location 15', 'City 15', 'Country 15', 'Region 15', '24.0000', '34.0000'),
(16, 'Location 16', 'City 16', 'Country 16', 'Region 16', '25.0000', '35.0000'),
(17, 'Location 17', 'City 17', 'Country 17', 'Region 17', '26.0000', '36.0000'),
(18, 'Location 18', 'City 18', 'Country 18', 'Region 18', '27.0000', '37.0000'),
(19, 'Location 19', 'City 19', 'Country 19', 'Region 19', '28.0000', '38.0000'),
(20, 'Location 20', 'City 20', 'Country 20', 'Region 20', '29.0000', '39.0000'),
(21, 'Location 21', 'City 21', 'Country 21', 'Region 21', '30.0000', '40.0000'),
(22, 'Location 22', 'City 22', 'Country 22', 'Region 22', '31.0000', '41.0000'),
(23, 'Location 23', 'City 23', 'Country 23', 'Region 23', '32.0000', '42.0000'),
(24, 'Location 24', 'City 24', 'Country 24', 'Region 24', '33.0000', '43.0000'),
(25, 'Location 25', 'City 25', 'Country 25', 'Region 25', '34.0000', '44.0000'),
(26, 'Location 26', 'City 26', 'Country 26', 'Region 26', '35.0000', '45.0000'),
(27, 'Location 27', 'City 27', 'Country 27', 'Region 27', '36.0000', '46.0000'),
(28, 'Location 28', 'City 28', 'Country 28', 'Region 28', '37.0000', '47.0000'),
(29, 'Location 29', 'City 29', 'Country 29', 'Region 29', '38.0000', '48.0000'),
(30, 'Location 30', 'City 30', 'Country 30', 'Region 30', '39.0000', '49.0000'),
(31, 'Location 31', 'City 31', 'Country 31', 'Region 31', '40.0000', '50.0000'),
(32, 'Location 32', 'City 32', 'Country 32', 'Region 32', '41.0000', '51.0000'),
(33, 'Location 33', 'City 33', 'Country 33', 'Region 33', '42.0000', '52.0000'),
(34, 'Location 34', 'City 34', 'Country 34', 'Region 34', '43.0000', '53.0000'),
(35, 'Location 35', 'City 35', 'Country 35', 'Region 35', '44.0000', '54.0000'),
(36, 'Location 36', 'City 36', 'Country 36', 'Region 36', '45.0000', '55.0000'),
(37, 'Location 37', 'City 37', 'Country 37', 'Region 37', '46.0000', '56.0000'),
(38, 'Location 38', 'City 38', 'Country 38', 'Region 38', '47.0000', '57.0000'),
(39, 'Location 39', 'City 39', 'Country 39', 'Region 39', '48.0000', '58.0000'),
(40, 'Location 40', 'City 40', 'Country 40', 'Region 40', '49.0000', '59.0000'),
(41, 'Location 41', 'City 41', 'Country 41', 'Region 41', '50.0000', '60.0000'),
(42, 'Location 42', 'City 42', 'Country 42', 'Region 42', '51.0000', '61.0000'),
(43, 'Location 43', 'City 43', 'Country 43', 'Region 43', '52.0000', '62.0000'),
(44, 'Location 44', 'City 44', 'Country 44', 'Region 44', '53.0000', '63.0000'),
(45, 'Location 45', 'City 45', 'Country 45', 'Region 45', '54.0000', '64.0000'),
(46, 'Location 46', 'City 46', 'Country 46', 'Region 46', '55.0000', '65.0000'),
(47, 'Location 47', 'City 47', 'Country 47', 'Region 47', '56.0000', '66.0000'),
(48, 'Location 48', 'City 48', 'Country 48', 'Region 48', '57.0000', '67.0000'),
(49, 'Location 49', 'City 49', 'Country 49', 'Region 49', '58.0000', '68.0000'),
(50, 'Location 50', 'City 50', 'Country 50', 'Region 50', '59.0000', '69.0000'),
(51, 'Location 51', 'City 51', 'Country 51', 'Region 51', '60.0000', '70.0000'),
(52, 'Location 52', 'City 52', 'Country 52', 'Region 52', '61.0000', '71.0000'),
(53, 'Location 53', 'City 53', 'Country 53', 'Region 53', '62.0000', '72.0000'),
(54, 'Location 54', 'City 54', 'Country 54', 'Region 54', '63.0000', '73.0000'),
(55, 'Location 55', 'City 55', 'Country 55', 'Region 55', '64.0000', '74.0000'),
(56, 'Location 56', 'City 56', 'Country 56', 'Region 56', '65.0000', '75.0000'),
(57, 'Location 57', 'City 57', 'Country 57', 'Region 57', '66.0000', '76.0000'),
(58, 'Location 58', 'City 58', 'Country 58', 'Region 58', '67.0000', '77.0000'),
(59, 'Location 59', 'City 59', 'Country 59', 'Region 59', '68.0000', '78.0000'),
(60, 'Location 60', 'City 60', 'Country 60', 'Region 60', '69.0000', '79.0000'),
(61, 'Location 61', 'City 61', 'Country 61', 'Region 61', '70.0000', '80.0000'),
(62, 'Location 62', 'City 62', 'Country 62', 'Region 62', '71.0000', '81.0000'),
(63, 'Location 63', 'City 63', 'Country 63', 'Region 63', '72.0000', '82.0000'),
(64, 'Location 64', 'City 64', 'Country 64', 'Region 64', '73.0000', '83.0000'),
(65, 'Location 65', 'City 65', 'Country 65', 'Region 65', '74.0000', '84.0000'),
(66, 'Location 66', 'City 66', 'Country 66', 'Region 66', '75.0000', '85.0000'),
(67, 'Location 67', 'City 67', 'Country 67', 'Region 67', '76.0000', '86.0000'),
(68, 'Location 68', 'City 68', 'Country 68', 'Region 68', '77.0000', '87.0000'),
(69, 'Location 69', 'City 69', 'Country 69', 'Region 69', '78.0000', '88.0000'),
(70, 'Location 70', 'City 70', 'Country 70', 'Region 70', '79.0000', '89.0000'),
(71, 'Location 71', 'City 71', 'Country 71', 'Region 71', '80.0000', '90.0000'),
(72, 'Location 72', 'City 72', 'Country 72', 'Region 72', '81.0000', '91.0000'),
(73, 'Location 73', 'City 73', 'Country 73', 'Region 73', '82.0000', '92.0000'),
(74, 'Location 74', 'City 74', 'Country 74', 'Region 74', '83.0000', '93.0000'),
(75, 'Location 75', 'City 75', 'Country 75', 'Region 75', '84.0000', '94.0000'),
(76, 'Location 76', 'City 76', 'Country 76', 'Region 76', '85.0000', '95.0000'),
(77, 'Location 77', 'City 77', 'Country 77', 'Region 77', '86.0000', '96.0000'),
(78, 'Location 78', 'City 78', 'Country 78', 'Region 78', '87.0000', '97.0000'),
(79, 'Location 79', 'City 79', 'Country 79', 'Region 79', '88.0000', '98.0000'),
(80, 'Location 80', 'City 80', 'Country 80', 'Region 80', '89.0000', '99.0000'),
(81, 'Location 81', 'City 81', 'Country 81', 'Region 81', '90.0000', '100.0000'),
(82, 'Location 82', 'City 82', 'Country 82', 'Region 82', '91.0000', '101.0000'),
(83, 'Location 83', 'City 83', 'Country 83', 'Region 83', '92.0000', '102.0000'),
(84, 'Location 84', 'City 84', 'Country 84', 'Region 84', '93.0000', '103.0000'),
(85, 'Location 85', 'City 85', 'Country 85', 'Region 85', '94.0000', '104.0000'),
(86, 'Location 86', 'City 86', 'Country 86', 'Region 86', '95.0000', '105.0000'),
(87, 'Location 87', 'City 87', 'Country 87', 'Region 87', '96.0000', '106.0000'),
(88, 'Location 88', 'City 88', 'Country 88', 'Region 88', '97.0000', '107.0000'),
(89, 'Location 89', 'City 89', 'Country 89', 'Region 89', '98.0000', '108.0000'),
(90, 'Location 90', 'City 90', 'Country 90', 'Region 90', '99.0000', '109.0000'),
(91, 'Location 91', 'City 91', 'Country 91', 'Region 91', '100.0000', '110.0000'),
(92, 'Location 92', 'City 92', 'Country 92', 'Region 92', '101.0000', '111.0000'),
(93, 'Location 93', 'City 93', 'Country 93', 'Region 93', '102.0000', '112.0000'),
(94, 'Location 94', 'City 94', 'Country 94', 'Region 94', '103.0000', '113.0000'),
(95, 'Location 95', 'City 95', 'Country 95', 'Region 95', '104.0000', '114.0000'),
(96, 'Location 96', 'City 96', 'Country 96', 'Region 96', '105.0000', '115.0000'),
(97, 'Location 97', 'City 97', 'Country 97', 'Region 97', '106.0000', '116.0000'),
(98, 'Location 98', 'City 98', 'Country 98', 'Region 98', '107.0000', '117.0000'),
(99, 'Location 99', 'City 99', 'Country 99', 'Region 99', '108.0000', '118.0000'),
(100, 'Location 100', 'City 100', 'Country 100', 'Region 100', '109.0000', '119.0000');

INSERT INTO `amazongo`.`Store` (`StoreID`, `StoreName`, `Hours`, `LocationID`) VALUES
(1, 'Amazon Go Downtown', '8:00 AM - 8:00 PM', 1),
(2, 'Amazon Go Uptown', '9:00 AM - 9:00 PM', 2),
(3, 'Amazon Go Midtown', '7:00 AM - 7:00 PM', 3),
(4, 'Amazon Go Eastside', '10:00 AM - 10:00 PM', 4),
(5, 'Amazon Go Westside', '6:00 AM - 6:00 PM', 5),
(6, 'Amazon Go Northside', '11:00 AM - 11:00 PM', 6),
(7, 'Amazon Go Southside', '5:00 AM - 5:00 PM', 7),
(8, 'Amazon Go Central', '8:00 AM - 8:00 PM', 8),
(9, 'Amazon Go Market', '9:00 AM - 9:00 PM', 9),
(10, 'Amazon Go Plaza', '7:00 AM - 7:00 PM', 10),
(11, 'Amazon Go Mall', '10:00 AM - 10:00 PM', 11),
(12, 'Amazon Go Village', '6:00 AM - 6:00 PM', 12),
(13, 'Amazon Go Square', '11:00 AM - 11:00 PM', 13),
(14, 'Amazon Go Park', '5:00 AM - 5:00 PM', 14),
(15, 'Amazon Go Parkside', '8:00 AM - 8:00 PM', 15),
(16, 'Amazon Go River', '9:00 AM - 9:00 PM', 16),
(17, 'Amazon Go Hill', '7:00 AM - 7:00 PM', 17),
(18, 'Amazon Go Beach', '10:00 AM - 10:00 PM', 18),
(19, 'Amazon Go Lake', '6:00 AM - 6:00 PM', 19),
(20, 'Amazon Go Bay', '11:00 AM - 11:00 PM', 20),
(21, 'Amazon Go Madison Park', '8:00 AM - 8:00 PM', 21),
(22, 'Amazon Go Brookfield Place', '9:00 AM - 9:00 PM', 22),
(23, 'Amazon Go Union Station', '7:00 AM - 7:00 PM', 23),
(24, 'Amazon Go South Lake Union', '10:00 AM - 10:00 PM', 24),
(25, 'Amazon Go University Village', '6:00 AM - 6:00 PM', 25),
(26, 'Amazon Go Financial District', '11:00 AM - 11:00 PM', 26),
(27, 'Amazon Go Pioneer Square', '5:00 AM - 5:00 PM', 27),
(28, 'Amazon Go Rockefeller Center', '8:00 AM - 8:00 PM', 28),
(29, 'Amazon Go Penn Station', '9:00 AM - 9:00 PM', 29),
(30, 'Amazon Go Grand Central', '7:00 AM - 7:00 PM', 30),
(31, 'Amazon Go Times Square', '10:00 AM - 10:00 PM', 31),
(32, 'Amazon Go Hudson Yards', '6:00 AM - 6:00 PM', 32),
(33, 'Amazon Go Fulton Street', '11:00 AM - 11:00 PM', 33),
(34, 'Amazon Go Denny Triangle', '5:00 AM - 5:00 PM', 34),
(35, 'Amazon Go Capitol Hill', '8:00 AM - 8:00 PM', 35),
(36, 'Amazon Go Belltown', '9:00 AM - 9:00 PM', 36),
(37, 'Amazon Go Market Street', '7:00 AM - 7:00 PM', 37),
(38, 'Amazon Go Union Square', '10:00 AM - 10:00 PM', 38),
(39, 'Amazon Go Mission Bay', '6:00 AM - 6:00 PM', 39),
(40, 'Amazon Go FiDi', '11:00 AM - 11:00 PM', 40),
(41, 'Amazon Go Kendall Square', '8:00 AM - 8:00 PM', 41),
(42, 'Amazon Go Back Bay', '9:00 AM - 9:00 PM', 42),
(43, 'Amazon Go Seaport', '7:00 AM - 7:00 PM', 43),
(44, 'Amazon Go Fenway', '10:00 AM - 10:00 PM', 44),
(45, 'Amazon Go Downtown Crossing', '6:00 AM - 6:00 PM', 45),
(46, 'Amazon Go Navy Yard', '11:00 AM - 11:00 PM', 46),
(47, 'Amazon Go Georgetown', '5:00 AM - 5:00 PM', 47),
(48, 'Amazon Go Dupont Circle', '8:00 AM - 8:00 PM', 48),
(49, 'Amazon Go Pentagon City', '9:00 AM - 9:00 PM', 49),
(50, 'Amazon Go Crystal City', '7:00 AM - 7:00 PM', 50),
(51, 'Amazon Go Loop', '10:00 AM - 10:00 PM', 51),
(52, 'Amazon Go West Loop', '6:00 AM - 6:00 PM', 52),
(53, 'Amazon Go River North', '11:00 AM - 11:00 PM', 53),
(54, 'Amazon Go Magnificent Mile', '5:00 AM - 5:00 PM', 54),
(55, 'Amazon Go Streeterville', '8:00 AM - 8:00 PM', 55),
(56, 'Amazon Go Wicker Park', '9:00 AM - 9:00 PM', 56),
(57, 'Amazon Go Lincoln Park', '7:00 AM - 7:00 PM', 57),
(58, 'Amazon Go Pearl District', '10:00 AM - 10:00 PM', 58),
(59, 'Amazon Go Downtown Portland', '6:00 AM - 6:00 PM', 59),
(60, 'Amazon Go Lloyd District', '11:00 AM - 11:00 PM', 60),
(61, 'Amazon Go Miracle Mile', '8:00 AM - 8:00 PM', 61),
(62, 'Amazon Go Century City', '9:00 AM - 9:00 PM', 62),
(63, 'Amazon Go Santa Monica', '7:00 AM - 7:00 PM', 63),
(64, 'Amazon Go Venice Beach', '10:00 AM - 10:00 PM', 64),
(65, 'Amazon Go Downtown LA', '6:00 AM - 6:00 PM', 65),
(66, 'Amazon Go South Park', '11:00 AM - 11:00 PM', 66),
(67, 'Amazon Go Arts District', '5:00 AM - 5:00 PM', 67),
(68, 'Amazon Go Marina District', '8:00 AM - 8:00 PM', 68),
(69, 'Amazon Go North Beach', '9:00 AM - 9:00 PM', 69),
(70, 'Amazon Go Hayes Valley', '7:00 AM - 7:00 PM', 70),
(71, 'Amazon Go SoMa', '10:00 AM - 10:00 PM', 71),
(72, 'Amazon Go Pacific Heights', '6:00 AM - 6:00 PM', 72),
(73, 'Amazon Go Nob Hill', '11:00 AM - 11:00 PM', 73),
(74, 'Amazon Go Russian Hill', '5:00 AM - 5:00 PM', 74),
(75, 'Amazon Go Cherry Creek', '8:00 AM - 8:00 PM', 75),
(76, 'Amazon Go LoDo', '9:00 AM - 9:00 PM', 76),
(77, 'Amazon Go RiNo', '7:00 AM - 7:00 PM', 77),
(78, 'Amazon Go Highland', '10:00 AM - 10:00 PM', 78),
(79, 'Amazon Go Cap Hill', '6:00 AM - 6:00 PM', 79),
(80, 'Amazon Go Five Points', '11:00 AM - 11:00 PM', 80),
(81, 'Amazon Go French Quarter', '8:00 AM - 8:00 PM', 81),
(82, 'Amazon Go Warehouse District', '9:00 AM - 9:00 PM', 82),
(83, 'Amazon Go Garden District', '7:00 AM - 7:00 PM', 83),
(84, 'Amazon Go Central Business', '10:00 AM - 10:00 PM', 84),
(85, 'Amazon Go Midtown Atlanta', '6:00 AM - 6:00 PM', 85),
(86, 'Amazon Go Buckhead', '11:00 AM - 11:00 PM', 86),
(87, 'Amazon Go Atlantic Station', '5:00 AM - 5:00 PM', 87),
(88, 'Amazon Go Virginia Highland', '8:00 AM - 8:00 PM', 88),
(89, 'Amazon Go Decatur', '9:00 AM - 9:00 PM', 89),
(90, 'Amazon Go Rice Village', '7:00 AM - 7:00 PM', 90),
(91, 'Amazon Go River Oaks', '10:00 AM - 10:00 PM', 91),
(92, 'Amazon Go Heights', '6:00 AM - 6:00 PM', 92),
(93, 'Amazon Go Downtown Houston', '11:00 AM - 11:00 PM', 93),
(94, 'Amazon Go Midtown Houston', '5:00 AM - 5:00 PM', 94),
(95, 'Amazon Go Upper Kirby', '8:00 AM - 8:00 PM', 95),
(96, 'Amazon Go Galleria', '9:00 AM - 9:00 PM', 96),
(97, 'Amazon Go Montrose', '7:00 AM - 7:00 PM', 97),
(98, 'Amazon Go East Downtown', '10:00 AM - 10:00 PM', 98),
(99, 'Amazon Go Washington Avenue', '6:00 AM - 6:00 PM', 99),
(100, 'Amazon Go Medical Center', '11:00 AM - 11:00 PM', 100);

INSERT INTO `amazongo`.`Camera` (`CameraID`, `LocationDescription`, `StoreID`) VALUES
('1', 'Entrance', '1'),
('2', 'Aisle 1', '1'),
('3', 'Aisle 2', '1'),
('4', 'Aisle 3', '1'),
('5', 'Aisle 4', '1'),
('6', 'Exit', '1'),
('7', 'Entrance', '2'),
('8', 'Aisle 1', '2'),
('9', 'Aisle 2', '2'),
('10', 'Aisle 3', '2'),
('11', 'Aisle 4', '2'),
('12', 'Exit', '2'),
('13', 'Entrance', '3'),
('14', 'Aisle 1', '3'),
('15', 'Aisle 2', '3'),
('16', 'Aisle 3', '3'),
('17', 'Aisle 4', '3'),
('18', 'Exit', '3'),
('19', 'Entrance', '4'),
('20', 'Aisle 1', '4'),
('21', 'Aisle 2', '4'),
('22', 'Aisle 3', '4'),
('23', 'Aisle 4', '4'),
('24', 'Exit', '4'),
('25', 'Entrance', '5'),
('26', 'Aisle 1', '5'),
('27', 'Aisle 2', '5'),
('28', 'Aisle 3', '5'),
('29', 'Aisle 4', '5'),
('30', 'Exit', '5'),
('31', 'Entrance', '6'),
('32', 'Aisle 1', '6'),
('33', 'Aisle 2', '6'),
('34', 'Aisle 3', '6'),
('35', 'Aisle 4', '6'),
('36', 'Exit', '6'),
('37', 'Entrance', '7'),
('38', 'Aisle 1', '7'),
('39', 'Aisle 2', '7'),
('40', 'Aisle 3', '7'),
('41', 'Aisle 4', '7'),
('42', 'Exit', '7'),
('43', 'Entrance', '8'),
('44', 'Aisle 1', '8'),
('45', 'Aisle 2', '8'),
('46', 'Aisle 3', '8'),
('47', 'Aisle 4', '8'),
('48', 'Exit', '8'),
('49', 'Entrance', '9'),
('50', 'Aisle 1', '9'),
('51', 'Aisle 2', '9'),
('52', 'Aisle 3', '9'),
('53', 'Aisle 4', '9'),
('54', 'Exit', '9'),
('55', 'Entrance', '10'),
('56', 'Aisle 1', '10'),
('57', 'Aisle 2', '10'),
('58', 'Aisle 3', '10'),
('59', 'Aisle 4', '10'),
('60', 'Exit', '10'),
('61', 'Entrance', '11'),
('62', 'Aisle 1', '11'),
('63', 'Aisle 2', '11'),
('64', 'Aisle 3', '11'),
('65', 'Aisle 4', '11'),
('66', 'Exit', '11'),
('67', 'Entrance', '12'),
('68', 'Aisle 1', '12'),
('69', 'Aisle 2', '12'),
('70', 'Aisle 3', '12'),
('71', 'Aisle 4', '12'),
('72', 'Exit', '12'),
('73', 'Entrance', '13'),
('74', 'Aisle 1', '13'),
('75', 'Aisle 2', '13'),
('76', 'Aisle 3', '13'),
('77', 'Aisle 4', '13'),
('78', 'Exit', '13'),
('79', 'Entrance', '14'),
('80', 'Aisle 1', '14'),
('81', 'Aisle 2', '14'),
('82', 'Aisle 3', '14'),
('83', 'Aisle 4', '14'),
('84', 'Exit', '14'),
('85', 'Entrance', '15'),
('86', 'Aisle 1', '15'),
('87', 'Aisle 2', '15'),
('88', 'Aisle 3', '15'),
('89', 'Aisle 4', '15'),
('90', 'Exit', '15'),
('91', 'Entrance', '16'),
('92', 'Aisle 1', '16'),
('93', 'Aisle 2', '16'),
('94', 'Aisle 3', '16'),
('95', 'Aisle 4', '16'),
('96', 'Exit', '16'),
('97', 'Entrance', '17'),
('98', 'Aisle 1', '17'),
('99', 'Aisle 2', '17'),
('100', 'Aisle 3', '17');

INSERT INTO `amazongo`.`Subscription` (`SubscriptionID`, `SubscriptionType`, `SubscriptionCost`) VALUES
(1, 'Basic', 9.99),
(2, 'Premium', 19.99),
(3, 'Family', 29.99);

INSERT INTO `amazongo`.`Customers` (`CustomerID`, `Name`, `Email`, `QRCodeURL`, `PhoneNumber`, `PasswordHash`, `PreferredLanguage`, `AccountStatus`, `SubscriptionID`) VALUES
('cust-001', 'John Doe', 'john.doe1@example.com', 'http://example.com/qrcode1', '1234567801', SHA2('password1', 256), 'English', 'Active', 1),
('cust-002', 'Jane Smith', 'jane.smith2@example.com', 'http://example.com/qrcode2', '1234567802', SHA2('password2', 256), 'English', 'Active', 2),
('cust-003', 'Michael Johnson', 'michael.johnson3@example.com', 'http://example.com/qrcode3', '1234567803', SHA2('password3', 256), 'English', 'Active', 1),
('cust-004', 'Emily Davis', 'emily.davis4@example.com', 'http://example.com/qrcode4', '1234567804', SHA2('password4', 256), 'English', 'Active', 3),
('cust-005', 'James Brown', 'james.brown5@example.com', 'http://example.com/qrcode5', '1234567805', SHA2('password5', 256), 'English', 'Active', 1),
('cust-006', 'David Wilson', 'david.wilson6@example.com', 'http://example.com/qrcode6', '1234567806', SHA2('password6', 256), 'English', 'Active', 2),
('cust-007', 'Sarah Miller', 'sarah.miller7@example.com', 'http://example.com/qrcode7', '1234567807', SHA2('password7', 256), 'English', 'Active', 1),
('cust-008', 'Chris Moore', 'chris.moore8@example.com', 'http://example.com/qrcode8', '1234567808', SHA2('password8', 256), 'English', 'Active', 1),
('cust-009', 'Amanda Taylor', 'amanda.taylor9@example.com', 'http://example.com/qrcode9', '1234567809', SHA2('password9', 256), 'English', 'Active', 3),
('cust-010', 'Daniel Anderson', 'daniel.anderson10@example.com', 'http://example.com/qrcode10', '1234567810', SHA2('password10', 256), 'English', 'Active', 1),
('cust-011', 'Jessica Thomas', 'jessica.thomas11@example.com', 'http://example.com/qrcode11', '1234567811', SHA2('password11', 256), 'English', 'Active', 2),
('cust-012', 'Paul Jackson', 'paul.jackson12@example.com', 'http://example.com/qrcode12', '1234567812', SHA2('password12', 256), 'English', 'Active', 1),
('cust-013', 'Kimberly White', 'kimberly.white13@example.com', 'http://example.com/qrcode13', '1234567813', SHA2('password13', 256), 'English', 'Active', 1),
('cust-014', 'Brian Harris', 'brian.harris14@example.com', 'http://example.com/qrcode14', '1234567814', SHA2('password14', 256), 'English', 'Active', 1),
('cust-015', 'Laura Martin', 'laura.martin15@example.com', 'http://example.com/qrcode15', '1234567815', SHA2('password15', 256), 'English', 'Active', 3),
('cust-016', 'Kevin Lee', 'kevin.lee16@example.com', 'http://example.com/qrcode16', '1234567816', SHA2('password16', 256), 'English', 'Active', 1),
('cust-017', 'Melissa Clark', 'melissa.clark17@example.com', 'http://example.com/qrcode17', '1234567817', SHA2('password17', 256), 'English', 'Active', 3),
('cust-018', 'Joshua Lewis', 'joshua.lewis18@example.com', 'http://example.com/qrcode18', '1234567818', SHA2('password18', 256), 'English', 'Active', 1),
('cust-019', 'Stephanie Walker', 'stephanie.walker19@example.com', 'http://example.com/qrcode19', '1234567819', SHA2('password19', 256), 'English', 'Active', 1),
('cust-020', 'Jason Hall', 'jason.hall20@example.com', 'http://example.com/qrcode20', '1234567820', SHA2('password20', 256), 'English', 'Active', 2),
('cust-021', 'Nicole King', 'nicole.king21@example.com', 'http://example.com/qrcode21', '1234567821', SHA2('password21', 256), 'English', 'Active', 1),
('cust-022', 'Eric Young', 'eric.young22@example.com', 'http://example.com/qrcode22', '1234567822', SHA2('password22', 256), 'English', 'Active', 1),
('cust-023', 'Rachel Allen', 'rachel.allen23@example.com', 'http://example.com/qrcode23', '1234567823', SHA2('password23', 256), 'English', 'Active', 1),
('cust-024', 'Adam Hernandez', 'adam.hernandez24@example.com', 'http://example.com/qrcode24', '1234567824', SHA2('password24', 256), 'English', 'Active', 1),
('cust-025', 'Karen Scott', 'karen.scott25@example.com', 'http://example.com/qrcode25', '1234567825', SHA2('password25', 256), 'English', 'Active', 3),
('cust-026', 'Charles Martinez', 'charles.martinez26@example.com', 'http://example.com/qrcode26', '1234567826', SHA2('password26', 256), 'English', 'Active', 1),
('cust-027', 'Heather Robinson', 'heather.robinson27@example.com', 'http://example.com/qrcode27', '1234567827', SHA2('password27', 256), 'English', 'Active', 2),
('cust-028', 'Anthony Clark', 'anthony.clark28@example.com', 'http://example.com/qrcode28', '1234567828', SHA2('password28', 256), 'English', 'Active', 1),
('cust-029', 'Angela Lewis', 'angela.lewis29@example.com', 'http://example.com/qrcode29', '1234567829', SHA2('password29', 256), 'English', 'Active', 2),
('cust-030', 'Matthew Walker', 'matthew.walker30@example.com', 'http://example.com/qrcode30', '1234567830', SHA2('password30', 256), 'English', 'Active', 2),
('cust-031', 'Lisa Harris', 'lisa.harris31@example.com', 'http://example.com/qrcode31', '1234567831', SHA2('password31', 256), 'English', 'Active', 1),
('cust-032', 'Steven White', 'steven.white32@example.com', 'http://example.com/qrcode32', '1234567832', SHA2('password32', 256), 'English', 'Active', 1),
('cust-033', 'Susan Lee', 'susan.lee33@example.com', 'http://example.com/qrcode33', '1234567833', SHA2('password33', 256), 'English', 'Active', 1),
('cust-034', 'Mark Jackson', 'mark.jackson34@example.com', 'http://example.com/qrcode34', '1234567834', SHA2('password34', 256), 'English', 'Active', 1),
('cust-035', 'Mary Allen', 'mary.allen35@example.com', 'http://example.com/qrcode35', '1234567835', SHA2('password35', 256), 'English', 'Active', 1),
('cust-036', 'Robert Young', 'robert.young36@example.com', 'http://example.com/qrcode36', '1234567836', SHA2('password36', 256), 'English', 'Active', 1),
('cust-037', 'Patricia King', 'patricia.king37@example.com', 'http://example.com/qrcode37', '1234567837', SHA2('password37', 256), 'English', 'Active', 1),
('cust-038', 'James Wright', 'james.wright38@example.com', 'http://example.com/qrcode38', '1234567838', SHA2('password38', 256), 'English', 'Active', 1),
('cust-039', 'Linda Rivera', 'linda.rivera39@example.com', 'http://example.com/qrcode39', '1234567839', SHA2('password39', 256), 'English', 'Active', 1),
('cust-040', 'Thomas Rodriguez', 'thomas.rodriguez40@example.com', 'http://example.com/qrcode40', '1234567840', SHA2('password40', 256), 'English', 'Active', 1),
('cust-041', 'Barbara Martinez', 'barbara.martinez41@example.com', 'http://example.com/qrcode41', '1234567841', SHA2('password41', 256), 'English', 'Active', 3),
('cust-042', 'Joseph Hernandez', 'joseph.hernandez42@example.com', 'http://example.com/qrcode42', '1234567842', SHA2('password42', 256), 'English', 'Active', 1),
('cust-043', 'Betty Clark', 'betty.clark43@example.com', 'http://example.com/qrcode43', '1234567843', SHA2('password43', 256), 'English', 'Active', 3),
('cust-044', 'Richard Lewis', 'richard.lewis44@example.com', 'http://example.com/qrcode44', '1234567844', SHA2('password44', 256), 'English', 'Active', 1),
('cust-045', 'Donna Walker', 'donna.walker45@example.com', 'http://example.com/qrcode45', '1234567845', SHA2('password45', 256), 'English', 'Active', 1),
('cust-046', 'Charles Harris', 'charles.harris46@example.com', 'http://example.com/qrcode46', '1234567846', SHA2('password46', 256), 'English', 'Active', 1),
('cust-047', 'Sandra Young', 'sandra.young47@example.com', 'http://example.com/qrcode47', '1234567847', SHA2('password47', 256), 'English', 'Active', 2),
('cust-048', 'George King', 'george.king48@example.com', 'http://example.com/qrcode48', '1234567848', SHA2('password48', 256), 'English', 'Active', 1),
('cust-049', 'Sharon Wright', 'sharon.wright49@example.com', 'http://example.com/qrcode49', '1234567849', SHA2('password49', 256), 'English', 'Active', 1),
('cust-050', 'Kenneth Rivera', 'kenneth.rivera50@example.com', 'http://example.com/qrcode50', '1234567850', SHA2('password50', 256), 'English', 'Active', 2),
('cust-051', 'Ruth Rodriguez', 'ruth.rodriguez51@example.com', 'http://example.com/qrcode51', '1234567851', SHA2('password51', 256), 'English', 'Active', 1),
('cust-052', 'Edward Martinez', 'edward.martinez52@example.com', 'http://example.com/qrcode52', '1234567852', SHA2('password52', 256), 'English', 'Active', 1),
('cust-053', 'Michelle Hernandez', 'michelle.hernandez53@example.com', 'http://example.com/qrcode53', '1234567853', SHA2('password53', 256), 'English', 'Active', 1),
('cust-054', 'Barbara Clark', 'barbara.clark54@example.com', 'http://example.com/qrcode54', '1234567854', SHA2('password54', 256), 'English', 'Active', 1),
('cust-055', 'Donald Lewis', 'donald.lewis55@example.com', 'http://example.com/qrcode55', '1234567855', SHA2('password55', 256), 'English', 'Active', 2),
('cust-056', 'Mary Walker', 'mary.walker56@example.com', 'http://example.com/qrcode56', '1234567856', SHA2('password56', 256), 'English', 'Active', 1),
('cust-057', 'Elizabeth Harris', 'elizabeth.harris57@example.com', 'http://example.com/qrcode57', '1234567857', SHA2('password57', 256), 'English', 'Active', 1),
('cust-058', 'David Young', 'david.young58@example.com', 'http://example.com/qrcode58', '1234567858', SHA2('password58', 256), 'English', 'Active', 3),
('cust-059', 'Patricia King', 'patricia.king59@example.com', 'http://example.com/qrcode59', '1234567859', SHA2('password59', 256), 'English', 'Active', 1),
('cust-060', 'Thomas Wright', 'thomas.wright60@example.com', 'http://example.com/qrcode60', '1234567860', SHA2('password60', 256), 'English', 'Active', 1),
('cust-061', 'Linda Rivera', 'linda.rivera61@example.com', 'http://example.com/qrcode61', '1234567861', SHA2('password61', 256), 'English', 'Active', 1),
('cust-062', 'James Rodriguez', 'james.rodriguez62@example.com', 'http://example.com/qrcode62', '1234567862', SHA2('password62', 256), 'English', 'Active', 2),
('cust-063', 'Karen Martinez', 'karen.martinez63@example.com', 'http://example.com/qrcode63', '1234567863', SHA2('password63', 256), 'English', 'Active', 1),
('cust-064', 'Mark Hernandez', 'mark.hernandez64@example.com', 'http://example.com/qrcode64', '1234567864', SHA2('password64', 256), 'English', 'Active', 1),
('cust-065', 'Susan Clark', 'susan.clark65@example.com', 'http://example.com/qrcode65', '1234567865', SHA2('password65', 256), 'English', 'Active', 2),
('cust-066', 'Steven Lewis', 'steven.lewis66@example.com', 'http://example.com/qrcode66', '1234567866', SHA2('password66', 256), 'English', 'Active', 1),
('cust-067', 'Lisa Walker', 'lisa.walker67@example.com', 'http://example.com/qrcode67', '1234567867', SHA2('password67', 256), 'English', 'Active', 1),
('cust-068', 'Kevin Harris', 'kevin.harris68@example.com', 'http://example.com/qrcode68', '1234567868', SHA2('password68', 256), 'English', 'Active', 2),
('cust-069', 'Nancy Young', 'nancy.young69@example.com', 'http://example.com/qrcode69', '1234567869', SHA2('password69', 256), 'English', 'Active', 1),
('cust-070', 'Betty King', 'betty.king70@example.com', 'http://example.com/qrcode70', '1234567870', SHA2('password70', 256), 'English', 'Active', 1),
('cust-071', 'John Wright', 'john.wright71@example.com', 'http://example.com/qrcode71', '1234567871', SHA2('password71', 256), 'English', 'Active', 1),
('cust-072', 'Sandra Rivera', 'sandra.rivera72@example.com', 'http://example.com/qrcode72', '1234567872', SHA2('password72', 256), 'English', 'Active', 1),
('cust-073', 'George Rodriguez', 'george.rodriguez73@example.com', 'http://example.com/qrcode73', '1234567873', SHA2('password73', 256), 'English', 'Active', 1),
('cust-074', 'Sharon Martinez', 'sharon.martinez74@example.com', 'http://example.com/qrcode74', '1234567874', SHA2('password74', 256), 'English', 'Active', 3),
('cust-075', 'Kenneth Hernandez', 'kenneth.hernandez75@example.com', 'http://example.com/qrcode75', '1234567875', SHA2('password75', 256), 'English', 'Active', 1),
('cust-076', 'Ruth Clark', 'ruth.clark76@example.com', 'http://example.com/qrcode76', '1234567876', SHA2('password76', 256), 'English', 'Active', 1),
('cust-077', 'Edward Lewis', 'edward.lewis77@example.com', 'http://example.com/qrcode77', '1234567877', SHA2('password77', 256), 'English', 'Active', 2),
('cust-078', 'Michelle Walker', 'michelle.walker78@example.com', 'http://example.com/qrcode78', '1234567878', SHA2('password78', 256), 'English', 'Active', 1),
('cust-079', 'Barbara Harris', 'barbara.harris79@example.com', 'http://example.com/qrcode79', '1234567879', SHA2('password79', 256), 'English', 'Active', 1),
('cust-080', 'Donald Young', 'donald.young80@example.com', 'http://example.com/qrcode80', '1234567880', SHA2('password80', 256), 'English', 'Active', 1),
('cust-081', 'Mary King', 'mary.king81@example.com', 'http://example.com/qrcode81', '1234567881', SHA2('password81', 256), 'English', 'Active', 1),
('cust-083', 'Alice Johnson', 'alice.johnson83@example.com', 'http://example.com/qrcode83', '1234567883', SHA2('password83', 256), 'English', 'Active', 3),
('cust-084', 'Bob Smith', 'bob.smith84@example.com', 'http://example.com/qrcode84', '1234567884', SHA2('password84', 256), 'English', 'Active', 1),
('cust-085', 'Charlie Brown', 'charlie.brown85@example.com', 'http://example.com/qrcode85', '1234567885', SHA2('password85', 256), 'English', 'Active', 1),
('cust-086', 'David Wilson', 'david.wilson86@example.com', 'http://example.com/qrcode86', '1234567886', SHA2('password86', 256), 'English', 'Active', 1),
('cust-087', 'Ella Davis', 'ella.davis87@example.com', 'http://example.com/qrcode87', '1234567887', SHA2('password87', 256), 'English', 'Active', 1),
('cust-088', 'Frank Moore', 'frank.moore88@example.com', 'http://example.com/qrcode88', '1234567888', SHA2('password88', 256), 'English', 'Active', 2),
('cust-089', 'Grace Taylor', 'grace.taylor89@example.com', 'http://example.com/qrcode89', '1234567889', SHA2('password89', 256), 'English', 'Active', 1),
('cust-090', 'Hank Martinez', 'hank.martinez90@example.com', 'http://example.com/qrcode90', '1234567890', SHA2('password90', 256), 'English', 'Active', 1),
('cust-091', 'Ivy Anderson', 'ivy.anderson91@example.com', 'http://example.com/qrcode91', '1234567891', SHA2('password91', 256), 'English', 'Active', 3),
('cust-092', 'Jack Thomas', 'jack.thomas92@example.com', 'http://example.com/qrcode92', '1234567892', SHA2('password92', 256), 'English', 'Active', 1),
('cust-093', 'Karen Lee', 'karen.lee93@example.com', 'http://example.com/qrcode93', '1234567893', SHA2('password93', 256), 'English', 'Active', 1),
('cust-094', 'Liam Harris', 'liam.harris94@example.com', 'http://example.com/qrcode94', '1234567894', SHA2('password94', 256), 'English', 'Active', 2),
('cust-095', 'Mia Clark', 'mia.clark95@example.com', 'http://example.com/qrcode95', '1234567895', SHA2('password95', 256), 'English', 'Active', 1),
('cust-096', 'Noah Lewis', 'noah.lewis96@example.com', 'http://example.com/qrcode96', '1234567896', SHA2('password96', 256), 'English', 'Active', 1),
('cust-097', 'Olivia Walker', 'olivia.walker97@example.com', 'http://example.com/qrcode97', '1234567897', SHA2('password97', 256), 'English', 'Active', 1),
('cust-098', 'Paul Hall', 'paul.hall98@example.com', 'http://example.com/qrcode98', '1234567898', SHA2('password98', 256), 'English', 'Active', 1),
('cust-099', 'Quinn Allen', 'quinn.allen99@example.com', 'http://example.com/qrcode99', '1234567899', SHA2('password99', 256), 'English', 'Active', 2),
('cust-100', 'Ruby Young', 'ruby.young100@example.com', 'http://example.com/qrcode100', '1234567900', SHA2('password100', 256), 'English', 'Active', 1),
('cust-101', 'Sam King', 'sam.king101@example.com', 'http://example.com/qrcode101', '1234567901', SHA2('password101', 256), 'English', 'Active', 1);

-- Disable safe update mode
SET SQL_SAFE_UPDATES = 0;

-- Insert data
INSERT INTO `amazongo`.`CameraEvent` (`EventType`, `EventTime`, `CameraID`, `CustomerID`) VALUES
('Enter', '2024-11-30 10:00:00', '1', 'cust-001'),
('Exit', '2024-11-30 10:30:00', '1', 'cust-001'),
('Enter', '2024-11-30 11:00:00', '2', 'cust-002'),
('Exit', '2024-11-30 11:15:00', '2', 'cust-002'),
('Enter', '2024-11-30 12:00:00', '3', 'cust-003'),
('Exit', '2024-11-30 12:45:00', '3', 'cust-003'),
('Enter', '2024-11-30 13:00:00', '4', 'cust-004'),
('Exit', '2024-11-30 13:30:00', '4', 'cust-004'),
('Enter', '2024-11-30 14:00:00', '5', 'cust-005'),
('Exit', '2024-11-30 14:30:00', '5', 'cust-005'),
('Enter', '2024-11-30 15:00:00', '6', 'cust-006'),
('Exit', '2024-11-30 15:30:00', '6', 'cust-006'),
('Enter', '2024-11-30 16:00:00', '7', 'cust-007'),
('Exit', '2024-11-30 16:30:00', '7', 'cust-007'),
('Enter', '2024-11-30 17:00:00', '8', 'cust-008'),
('Exit', '2024-11-30 17:30:00', '8', 'cust-008'),
('Enter', '2024-11-30 18:00:00', '9', 'cust-009'),
('Exit', '2024-11-30 18:30:00', '9', 'cust-009'),
('Enter', '2024-11-30 19:00:00', '10', 'cust-010'),
('Exit', '2024-11-30 19:30:00', '10', 'cust-010');
-- Re-enable safe update mode
SET SQL_SAFE_UPDATES = 1;

INSERT INTO `amazongo`.`Session` (`EntryTime`, `ExitTime`, `EntryMethod`, `StoreID`, `CustomerID`) VALUES
('2024-11-30 10:00:00', '2024-11-30 10:45:00', 'QR Code', '1', 'cust-001'),
('2024-11-30 11:00:00', '2024-11-30 11:30:00', 'QR Code', '2', 'cust-002'),
('2024-11-30 12:00:00', '2024-11-30 12:50:00', 'QR Code', '3', 'cust-003'),
('2024-11-30 13:00:00', '2024-11-30 13:45:00', 'QR Code', '4', 'cust-004'),
('2024-11-30 14:00:00', '2024-11-30 14:55:00', 'QR Code', '5', 'cust-005'),
('2024-11-30 15:00:00', '2024-11-30 15:40:00', 'QR Code', '6', 'cust-006'),
('2024-11-30 16:00:00', '2024-11-30 16:30:00', 'QR Code', '7', 'cust-007'),
('2024-11-30 17:00:00', '2024-11-30 17:50:00', 'QR Code', '8', 'cust-008'),
('2024-11-30 18:00:00', '2024-11-30 18:35:00', 'QR Code', '9', 'cust-009'),
('2024-11-30 19:00:00', '2024-11-30 19:20:00', 'QR Code', '10', 'cust-010'),
('2024-11-30 19:30:00', '2024-11-30 20:00:00', 'QR Code', '11', 'cust-011'),
('2024-11-30 20:00:00', '2024-11-30 20:30:00', 'QR Code', '12', 'cust-012'),
('2024-11-30 20:30:00', '2024-11-30 21:00:00', 'QR Code', '13', 'cust-013'),
('2024-11-30 21:00:00', '2024-11-30 21:30:00', 'QR Code', '14', 'cust-014'),
('2024-11-30 21:30:00', '2024-11-30 22:00:00', 'QR Code', '15', 'cust-015'),
('2024-11-30 22:00:00', '2024-11-30 22:30:00', 'QR Code', '16', 'cust-016'),
('2024-11-30 22:30:00', '2024-11-30 23:00:00', 'QR Code', '17', 'cust-017'),
('2024-11-30 23:00:00', '2024-11-30 23:30:00', 'QR Code', '18', 'cust-018'),
('2024-11-30 23:30:00', '2024-12-01 00:00:00', 'QR Code', '19', 'cust-019'),
('2024-12-01 00:00:00', '2024-12-01 00:30:00', 'QR Code', '20', 'cust-020'),
('2024-12-01 00:30:00', '2024-12-01 01:00:00', 'QR Code', '21', 'cust-021'),
('2024-12-01 01:00:00', '2024-12-01 01:30:00', 'QR Code', '22', 'cust-022'),
('2024-12-01 01:30:00', '2024-12-01 02:00:00', 'QR Code', '23', 'cust-023'),
('2024-12-01 02:00:00', '2024-12-01 02:30:00', 'QR Code', '24', 'cust-024'),
('2024-12-01 02:30:00', '2024-12-01 03:00:00', 'QR Code', '25', 'cust-025'),
('2024-12-01 03:00:00', '2024-12-01 03:30:00', 'QR Code', '26', 'cust-026'),
('2024-12-01 03:30:00', '2024-12-01 04:00:00', 'QR Code', '27', 'cust-027'),
('2024-12-01 04:00:00', '2024-12-01 04:30:00', 'QR Code', '28', 'cust-028'),
('2024-12-01 04:30:00', '2024-12-01 05:00:00', 'QR Code', '29', 'cust-029'),
('2024-12-01 05:00:00', '2024-12-01 05:30:00', 'QR Code', '30', 'cust-030'),
('2024-12-01 05:30:00', '2024-12-01 06:00:00', 'QR Code', '31', 'cust-031'),
('2024-12-01 06:00:00', '2024-12-01 06:30:00', 'QR Code', '32', 'cust-032'),
('2024-12-01 06:30:00', '2024-12-01 07:00:00', 'QR Code', '33', 'cust-033'),
('2024-12-01 07:00:00', '2024-12-01 07:30:00', 'QR Code', '34', 'cust-034'),
('2024-12-01 07:30:00', '2024-12-01 08:00:00', 'QR Code', '35', 'cust-035'),
('2024-12-01 08:00:00', '2024-12-01 08:30:00', 'QR Code', '36', 'cust-036'),
('2024-12-01 08:30:00', '2024-12-01 09:00:00', 'QR Code', '37', 'cust-037'),
('2024-12-01 09:00:00', '2024-12-01 09:30:00', 'QR Code', '38', 'cust-038'),
('2024-12-01 09:30:00', '2024-12-01 10:00:00', 'QR Code', '39', 'cust-039'),
('2024-12-01 10:00:00', '2024-12-01 10:30:00', 'QR Code', '40', 'cust-040'),
('2024-12-01 10:30:00', '2024-12-01 11:00:00', 'QR Code', '41', 'cust-041'),
('2024-12-01 11:00:00', '2024-12-01 11:30:00', 'QR Code', '42', 'cust-042'),
('2024-12-01 11:30:00', '2024-12-01 12:00:00', 'QR Code', '43', 'cust-043'),
('2024-12-01 12:00:00', '2024-12-01 12:30:00', 'QR Code', '44', 'cust-044'),
('2024-12-01 12:30:00', '2024-12-01 13:00:00', 'QR Code', '45', 'cust-045'),
('2024-12-01 13:00:00', '2024-12-01 13:30:00', 'QR Code', '46', 'cust-046'),
('2024-12-01 13:30:00', '2024-12-01 14:00:00', 'QR Code', '47', 'cust-047'),
('2024-12-01 14:00:00', '2024-12-01 14:30:00', 'QR Code', '48', 'cust-048'),
('2024-12-01 14:30:00', '2024-12-01 15:00:00', 'QR Code', '49', 'cust-049'),
('2024-12-01 15:00:00', '2024-12-01 15:30:00', 'QR Code', '50', 'cust-050'),
('2024-12-01 15:30:00', '2024-12-01 16:00:00', 'QR Code', '51', 'cust-051'),
('2024-12-01 16:00:00', '2024-12-01 16:30:00', 'QR Code', '52', 'cust-052'),
('2024-12-01 16:30:00', '2024-12-01 17:00:00', 'QR Code', '53', 'cust-053'),
('2024-12-01 17:00:00', '2024-12-01 17:30:00', 'QR Code', '54', 'cust-054'),
('2024-12-01 17:30:00', '2024-12-01 18:00:00', 'QR Code', '55', 'cust-055'),
('2024-12-01 18:00:00', '2024-12-01 18:30:00', 'QR Code', '56', 'cust-056'),
('2024-12-01 18:30:00', '2024-12-01 19:00:00', 'QR Code', '57', 'cust-057'),
('2024-12-01 19:00:00', '2024-12-01 19:30:00', 'QR Code', '58', 'cust-058'),
('2024-12-01 19:30:00', '2024-12-01 20:00:00', 'QR Code', '59', 'cust-059'),
('2024-12-01 20:00:00', '2024-12-01 20:30:00', 'QR Code', '60', 'cust-060'),
('2024-12-01 20:30:00', '2024-12-01 21:00:00', 'QR Code', '61', 'cust-061'),
('2024-12-01 21:00:00', '2024-12-01 21:30:00', 'QR Code', '62', 'cust-062'),
('2024-12-01 21:30:00', '2024-12-01 22:00:00', 'QR Code', '63', 'cust-063'),
('2024-12-01 22:00:00', '2024-12-01 22:30:00', 'QR Code', '64', 'cust-064'),
('2024-12-01 22:30:00', '2024-12-01 23:00:00', 'QR Code', '65', 'cust-065'),
('2024-12-01 23:00:00', '2024-12-01 23:30:00', 'QR Code', '66', 'cust-066'),
('2024-12-01 23:30:00', '2024-12-02 00:00:00', 'QR Code', '67', 'cust-067'),
('2024-12-02 00:00:00', '2024-12-02 00:30:00', 'QR Code', '68', 'cust-068'),
('2024-12-02 00:30:00', '2024-12-02 01:00:00', 'QR Code', '69', 'cust-069'),
('2024-12-02 01:00:00', '2024-12-02 01:30:00', 'QR Code', '70', 'cust-070'),
('2024-12-02 01:30:00', '2024-12-02 02:00:00', 'QR Code', '71', 'cust-071'),
('2024-12-02 02:00:00', '2024-12-02 02:30:00', 'QR Code', '72', 'cust-072'),
('2024-12-02 02:30:00', '2024-12-02 03:00:00', 'QR Code', '73', 'cust-073'),
('2024-12-02 03:00:00', '2024-12-02 03:30:00', 'QR Code', '74', 'cust-074'),
('2024-12-02 03:30:00', '2024-12-02 04:00:00', 'QR Code', '75', 'cust-075'),
('2024-12-02 04:00:00', '2024-12-02 04:30:00', 'QR Code', '76', 'cust-076'),
('2024-12-02 04:30:00', '2024-12-02 05:00:00', 'QR Code', '77', 'cust-077'),
('2024-12-02 05:00:00', '2024-12-02 05:30:00', 'QR Code', '78', 'cust-078'),
('2024-12-02 05:30:00', '2024-12-02 06:00:00', 'QR Code', '79', 'cust-079'),
('2024-12-02 06:00:00', '2024-12-02 06:30:00', 'QR Code', '80', 'cust-080'),
('2024-12-02 06:30:00', '2024-12-02 07:00:00', 'QR Code', '81', 'cust-081'),
('2024-12-02 07:00:00', '2024-12-02 07:30:00', 'QR Code', '82', 'cust-082'),
('2024-12-02 07:30:00', '2024-12-02 08:00:00', 'QR Code', '83', 'cust-083'),
('2024-12-02 08:00:00', '2024-12-02 08:30:00', 'QR Code', '84', 'cust-084'),
('2024-12-02 08:30:00', '2024-12-02 09:00:00', 'QR Code', '85', 'cust-085'),
('2024-12-02 09:00:00', '2024-12-02 09:30:00', 'QR Code', '86', 'cust-086'),
('2024-12-02 09:30:00', '2024-12-02 10:00:00', 'QR Code', '87', 'cust-087'),
('2024-12-02 10:00:00', '2024-12-02 10:30:00', 'QR Code', '88', 'cust-088'),
('2024-12-02 10:30:00', '2024-12-02 11:00:00', 'QR Code', '89', 'cust-089'),
('2024-12-02 11:00:00', '2024-12-02 11:30:00', 'QR Code', '90', 'cust-090'),
('2024-12-02 11:30:00', '2024-12-02 12:00:00', 'QR Code', '91', 'cust-091'),
('2024-12-02 12:00:00', '2024-12-02 12:30:00', 'QR Code', '92', 'cust-092'),
('2024-12-02 12:30:00', '2024-12-02 13:00:00', 'QR Code', '93', 'cust-093'),
('2024-12-02 13:00:00', '2024-12-02 13:30:00', 'QR Code', '94', 'cust-094'),
('2024-12-02 13:30:00', '2024-12-02 14:00:00', 'QR Code', '95', 'cust-095'),
('2024-12-02 14:00:00', '2024-12-02 14:30:00', 'QR Code', '96', 'cust-096'),
('2024-12-02 14:30:00', '2024-12-02 15:00:00', 'QR Code', '97', 'cust-097'),
('2024-12-02 15:00:00', '2024-12-02 15:30:00', 'QR Code', '98', 'cust-098');

INSERT INTO Cart (CartStatus, SessionID, CustomerID)
VALUES
('Active', 1, 'cust-001'),
('Active', 2, 'cust-002'),
('Active', 3, 'cust-003'),
('Active', 4, 'cust-004'),
('Active', 5, 'cust-005'),
('Active', 6, 'cust-006'),
('Active', 7, 'cust-007'),
('Active', 8, 'cust-008'),
('Active', 9, 'cust-009'),
('Active', 10, 'cust-010'),
('Active', 11, 'cust-011'),
('Active', 12, 'cust-012'),
('Active', 13, 'cust-013'),
('Active', 14, 'cust-014'),
('Active', 15, 'cust-015'),
('Active', 16, 'cust-016'),
('Active', 17, 'cust-017'),
('Active', 18, 'cust-018'),
('Active', 19, 'cust-019'),
('Active', 20, 'cust-020'),
('Active', 21, 'cust-021'),
('Active', 22, 'cust-022'),
('Active', 23, 'cust-023'),
('Active', 24, 'cust-024'),
('Active', 25, 'cust-025'),
('Active', 26, 'cust-026'),
('Active', 27, 'cust-027'),
('Active', 28, 'cust-028'),
('Active', 29, 'cust-029'),
('Active', 30, 'cust-030'),
('Active', 31, 'cust-031'),
('Active', 32, 'cust-032'),
('Active', 33, 'cust-033'),
('Active', 34, 'cust-034'),
('Active', 35, 'cust-035'),
('Active', 36, 'cust-036'),
('Active', 37, 'cust-037'),
('Active', 38, 'cust-038'),
('Active', 39, 'cust-039'),
('Active', 40, 'cust-040'),
('Active', 41, 'cust-041'),
('Active', 42, 'cust-042'),
('Active', 43, 'cust-043'),
('Active', 44, 'cust-044'),
('Active', 45, 'cust-045'),
('Active', 46, 'cust-046'),
('Active', 47, 'cust-047'),
('Active', 48, 'cust-048'),
('Active', 49, 'cust-049'),
('Active', 50, 'cust-050'),
('Active', 51, 'cust-051'),
('Active', 52, 'cust-052'),
('Active', 53, 'cust-053'),
('Active', 54, 'cust-054'),
('Active', 55, 'cust-055'),
('Active', 56, 'cust-056'),
('Active', 57, 'cust-057'),
('Active', 58, 'cust-058'),
('Active', 59, 'cust-059'),
('Active', 60, 'cust-060'),
('Active', 61, 'cust-061'),
('Active', 62, 'cust-062'),
('Active', 63, 'cust-063'),
('Active', 64, 'cust-064'),
('Active', 65, 'cust-065'),
('Active', 66, 'cust-066'),
('Active', 67, 'cust-067'),
('Active', 68, 'cust-068'),
('Active', 69, 'cust-069'),
('Active', 70, 'cust-070'),
('Active', 71, 'cust-071'),
('Active', 72, 'cust-072'),
('Active', 73, 'cust-073'),
('Active', 74, 'cust-074'),
('Active', 75, 'cust-075'),
('Active', 76, 'cust-076'),
('Active', 77, 'cust-077'),
('Active', 78, 'cust-078'),
('Active', 79, 'cust-079'),
('Active', 80, 'cust-080'),
('Active', 81, 'cust-081'),
('Active', 82, 'cust-082'),
('Active', 83, 'cust-083'),
('Active', 84, 'cust-084'),
('Active', 85, 'cust-085'),
('Active', 86, 'cust-086'),
('Active', 87, 'cust-087'),
('Active', 88, 'cust-088'),
('Active', 89, 'cust-089'),
('Active', 90, 'cust-090'),
('Active', 91, 'cust-091'),
('Active', 92, 'cust-092'),
('Active', 93, 'cust-093'),
('Active', 94, 'cust-094'),
('Active', 95, 'cust-095'),
('Active', 96, 'cust-096'),
('Active', 97, 'cust-097'),
('Active', 98, 'cust-098'),
('Active', 99, 'cust-099'),
('Active', 100, 'cust-100');

INSERT INTO `amazongo`.`ItemShelf` (`ItemShelfID`, `LocationDescription`, `StoreID`) VALUES
(1, 'Aisle 1 - Snacks', '01'),
(2, 'Aisle 1 - Beverages', '01'),
(3, 'Aisle 1 - Health & Beauty', '01'),
(4, 'Aisle 2 - Dairy', '01'),
(5, 'Aisle 2 - Meat', '01'),
(6, 'Aisle 2 - Seafood', '01'),
(7, 'Aisle 3 - Bakery', '01'),
(8, 'Aisle 3 - Frozen Foods', '01'),
(9, 'Aisle 3 - Household Supplies', '01'),
(10, 'Aisle 4 - Produce', '01'),
(11, 'Aisle 4 - Deli', '01'),
(12, 'Aisle 4 - Dry Goods', '01'),
(13, 'Aisle 5 - Snacks', '02'),
(14, 'Aisle 5 - Beverages', '02'),
(15, 'Aisle 5 - Health & Beauty', '02'),
(16, 'Aisle 6 - Dairy', '02'),
(17, 'Aisle 6 - Meat', '02'),
(18, 'Aisle 6 - Seafood', '02'),
(19, 'Aisle 7 - Bakery', '02'),
(20, 'Aisle 7 - Frozen Foods', '02'),
(21, 'Aisle 7 - Household Supplies', '02'),
(22, 'Aisle 8 - Produce', '02'),
(23, 'Aisle 8 - Deli', '02'),
(24, 'Aisle 8 - Dry Goods', '02'),
(25, 'Aisle 1 - Snacks', '03'),
(26, 'Aisle 1 - Beverages', '03'),
(27, 'Aisle 1 - Health & Beauty', '03'),
(28, 'Aisle 2 - Dairy', '03'),
(29, 'Aisle 2 - Meat', '03'),
(30, 'Aisle 2 - Seafood', '03'),
(31, 'Aisle 3 - Bakery', '03'),
(32, 'Aisle 3 - Frozen Foods', '03'),
(33, 'Aisle 3 - Household Supplies', '03'),
(34, 'Aisle 4 - Produce', '03'),
(35, 'Aisle 4 - Deli', '03'),
(36, 'Aisle 4 - Dry Goods', '03'),
(37, 'Aisle 5 - Snacks', '04'),
(38, 'Aisle 5 - Beverages', '04'),
(39, 'Aisle 5 - Health & Beauty', '04'),
(40, 'Aisle 6 - Dairy', '04'),
(41, 'Aisle 6 - Meat', '04'),
(42, 'Aisle 6 - Seafood', '04'),
(43, 'Aisle 7 - Bakery', '04'),
(44, 'Aisle 7 - Frozen Foods', '04'),
(45, 'Aisle 7 - Household Supplies', '04'),
(46, 'Aisle 8 - Produce', '04'),
(47, 'Aisle 8 - Deli', '04'),
(48, 'Aisle 8 - Dry Goods', '04'),
(49, 'Aisle 1 - Snacks', '05'),
(50, 'Aisle 1 - Beverages', '05'),
(51, 'Aisle 1 - Health & Beauty', '05'),
(52, 'Aisle 2 - Dairy', '05'),
(53, 'Aisle 2 - Meat', '05'),
(54, 'Aisle 2 - Seafood', '05'),
(55, 'Aisle 3 - Bakery', '05'),
(56, 'Aisle 3 - Frozen Foods', '05'),
(57, 'Aisle 3 - Household Supplies', '05'),
(58, 'Aisle 4 - Produce', '05'),
(59, 'Aisle 4 - Deli', '05'),
(60, 'Aisle 4 - Dry Goods', '05'),
(61, 'Aisle 5 - Snacks', '06'),
(62, 'Aisle 5 - Beverages', '06'),
(63, 'Aisle 5 - Health & Beauty', '06'),
(64, 'Aisle 6 - Dairy', '06'),
(65, 'Aisle 6 - Meat', '06'),
(66, 'Aisle 6 - Seafood', '06'),
(67, 'Aisle 7 - Bakery', '06'),
(68, 'Aisle 7 - Frozen Foods', '06'),
(69, 'Aisle 7 - Household Supplies', '06'),
(70, 'Aisle 8 - Produce', '06'),
(71, 'Aisle 8 - Deli', '06'),
(72, 'Aisle 8 - Dry Goods', '06'),
(73, 'Aisle 1 - Snacks', '07'),
(74, 'Aisle 1 - Beverages', '07'),
(75, 'Aisle 1 - Health & Beauty', '07'),
(76, 'Aisle 2 - Dairy', '07'),
(77, 'Aisle 2 - Meat', '07'),
(78, 'Aisle 2 - Seafood', '07'),
(79, 'Aisle 3 - Bakery', '07'),
(80, 'Aisle 3 - Frozen Foods', '07'),
(81, 'Aisle 3 - Household Supplies', '07'),
(82, 'Aisle 4 - Produce', '07'),
(83, 'Aisle 4 - Deli', '07'),
(84, 'Aisle 4 - Dry Goods', '07'),
(85, 'Aisle 5 - Snacks', '08'),
(86, 'Aisle 5 - Beverages', '08'),
(87, 'Aisle 5 - Health & Beauty', '08'),
(88, 'Aisle 6 - Dairy', '08'),
(89, 'Aisle 6 - Meat', '08'),
(90, 'Aisle 6 - Seafood', '08'),
(91, 'Aisle 7 - Bakery', '08'),
(92, 'Aisle 7 - Frozen Foods', '08'),
(93, 'Aisle 7 - Household Supplies', '08'),
(94, 'Aisle 8 - Produce', '08'),
(95, 'Aisle 8 - Deli', '08'),
(96, 'Aisle 8 - Dry Goods', '08'),
(97, 'Aisle 1 - Snacks', '09'),
(98, 'Aisle 1 - Beverages', '09'),
(99, 'Aisle 1 - Health & Beauty', '09'),
(100, 'Aisle 2 - Dairy', '09');

INSERT INTO `amazongo`.`Item` (`ItemID`, `Name`, `Price`, `Category`, `ItemDescription`, `Barcode`, `Promotion`, `ItemShelfID`) VALUES
(1, 'Apple', 0.99, 'Fruits', 'A juicy red apple', '123456789001', NULL, 1),
(2, 'Banana', 0.59, 'Fruits', 'A ripe yellow banana', '123456789002', NULL, 2),
(3, 'Orange', 1.29, 'Fruits', 'A sweet orange orange', '123456789003', NULL, 3),
(4, 'Broccoli', 2.99, 'Vegetables', 'Fresh green broccoli', '123456789004', NULL, 4),
(5, 'Carrot', 0.89, 'Vegetables', 'Crunchy orange carrot', '123456789005', NULL, 5),
(6, 'Potato', 0.79, 'Vegetables', 'A starchy potato', '123456789006', NULL, 6),
(7, 'Milk', 3.49, 'Dairy', '1 gallon of whole milk', '123456789007', NULL, 7),
(8, 'Cheese', 4.99, 'Dairy', 'Cheddar cheese block', '123456789008', NULL, 8),
(9, 'Butter', 2.49, 'Dairy', 'Unsalted butter', '123456789009', NULL, 9),
(10, 'Chicken Breast', 6.99, 'Meat', 'Boneless chicken breast', '123456789010', NULL, 10),
(11, 'Salmon Fillet', 8.99, 'Seafood', 'Fresh salmon fillet', '123456789011', NULL, 11),
(12, 'Shrimp', 12.99, 'Seafood', 'Frozen shrimp', '123456789012', NULL, 12),
(13, 'Beef Steak', 14.99, 'Meat', 'Juicy beef steak', '123456789013', NULL, 13),
(14, 'Pork Chops', 7.99, 'Meat', 'Tender pork chops', '123456789014', NULL, 14),
(15, 'Eggs', 2.99, 'Dairy', 'One dozen eggs', '123456789015', '0.10', 15),
(16, 'Yogurt', 0.99, 'Dairy', 'Plain Greek yogurt', '123456789016', NULL, 16),
(17, 'Lettuce', 1.99, 'Vegetables', 'Fresh green lettuce', '123456789017', NULL, 17),
(18, 'Tomato', 2.49, 'Vegetables', 'Ripe red tomato', '123456789018', NULL, 18),
(19, 'Cucumber', 1.49, 'Vegetables', 'Crunchy cucumber', '123456789019', NULL, 19),
(20, 'Bell Pepper', 1.99, 'Vegetables', 'Colorful bell pepper', '123456789020', NULL, 20),
(21, 'Spinach', 2.99, 'Vegetables', 'Fresh spinach leaves', '123456789021', NULL, 21),
(22, 'Blueberries', 3.99, 'Fruits', 'Fresh blueberries', '123456789022', NULL, 22),
(23, 'Strawberries', 4.99, 'Fruits', 'Fresh strawberries', '123456789023', NULL, 23),
(24, 'Grapes', 2.99, 'Fruits', 'Seedless grapes', '123456789024', NULL, 24),
(25, 'Watermelon', 5.99, 'Fruits', 'Sweet watermelon', '123456789025', '0.20', 25),
(26, 'Pineapple', 3.99, 'Fruits', 'Fresh pineapple', '123456789026', NULL, 26),
(27, 'Mango', 1.99, 'Fruits', 'Juicy mango', '123456789027', NULL, 27),
(28, 'Peach', 2.49, 'Fruits', 'Sweet peach', '123456789028', NULL, 28),
(29, 'Plum', 1.99, 'Fruits', 'Ripe plum', '123456789029', NULL, 29),
(30, 'Cherries', 5.99, 'Fruits', 'Fresh cherries', '123456789030', NULL, 30),
(31, 'Almonds', 6.99, 'Nuts', 'Raw almonds', '123456789031', NULL, 31),
(32, 'Walnuts', 7.99, 'Nuts', 'Shelled walnuts', '123456789032', NULL, 32),
(33, 'Cashews', 8.99, 'Nuts', 'Roasted cashews', '123456789033', NULL, 33),
(34, 'Peanuts', 4.99, 'Nuts', 'Salted peanuts', '123456789034', NULL, 34),
(35, 'Pistachios', 9.99, 'Nuts', 'Shelled pistachios', '123456789035', '0.10', 35),
(36, 'Olive Oil', 5.99, 'Oils', 'Extra virgin olive oil', '123456789036', NULL, 36),
(37, 'Canola Oil', 4.99, 'Oils', 'Pure canola oil', '123456789037', NULL, 37),
(38, 'Butter', 3.49, 'Dairy', 'Salted butter', '123456789038', NULL, 38),
(39, 'Cream Cheese', 2.99, 'Dairy', 'Plain cream cheese', '123456789039', NULL, 39),
(40, 'Mozzarella', 4.99, 'Dairy', 'Fresh mozzarella', '123456789040', NULL, 40),
(41, 'Parmesan', 5.99, 'Dairy', 'Grated parmesan cheese', '123456789041', NULL, 41),
(42, 'Cottage Cheese', 3.49, 'Dairy', 'Low-fat cottage cheese', '123456789042', NULL, 42),
(43, 'Sour Cream', 1.99, 'Dairy', 'Full-fat sour cream', '123456789043', NULL, 43),
(44, 'Whipping Cream', 2.99, 'Dairy', 'Heavy whipping cream', '123456789044', NULL, 44),
(45, 'Ice Cream', 4.99, 'Frozen', 'Vanilla ice cream', '123456789045', NULL, 45),
(46, 'Frozen Peas', 1.99, 'Frozen', 'Frozen green peas', '123456789046', NULL, 46),
(47, 'Frozen Corn', 1.99, 'Frozen', 'Frozen sweet corn', '123456789047', NULL, 47),
(48, 'Frozen Spinach', 2.49, 'Frozen', 'Frozen chopped spinach', '123456789048', NULL, 48),
(49, 'Frozen Berries', 3.99, 'Frozen', 'Frozen mixed berries', '123456789049', NULL, 49),
(50, 'Frozen Pizza', 5.99, 'Frozen', 'Cheese frozen pizza', '123456789050', '0.20', 50),
(51, 'Frozen Lasagna', 6.99, 'Frozen', 'Beef lasagna', '123456789051', NULL, 51),
(52, 'Frozen Waffles', 2.99, 'Frozen', 'Frozen breakfast waffles', '123456789052', NULL, 52),
(53, 'Frozen Vegetables', 4.99, 'Frozen', 'Mixed vegetables', '123456789053', NULL, 53),
(54, 'Frozen Chicken', 7.99, 'Frozen', 'Frozen chicken nuggets', '123456789054', NULL, 54),
(55, 'Frozen Fish', 8.99, 'Frozen', 'Frozen fish fillets', '123456789055', NULL, 55),
(56, 'Frozen Shrimp', 9.99, 'Frozen', 'Frozen shrimp', '123456789056', NULL, 56),
(57, 'Frozen Dough', 3.99, 'Frozen', 'Frozen pizza dough', '123456789057', NULL, 57),
(58, 'Frozen Fruit', 4.99, 'Frozen', 'Frozen mango chunks', '123456789058', NULL, 58),
(59, 'Frozen Yogurt', 2.99, 'Frozen', 'Frozen vanilla yogurt', '123456789059', NULL, 59),
(60, 'Frozen Meatballs', 7.99, 'Frozen', 'Frozen beef meatballs', '123456789060', NULL, 60),
(61, 'Spaghetti', 1.99, 'Pasta', 'Dry spaghetti pasta', '123456789061', NULL, 61),
(62, 'Macaroni', 1.99, 'Pasta', 'Dry macaroni pasta', '123456789062', NULL, 62),
(63, 'Penne', 2.49, 'Pasta', 'Dry penne pasta', '123456789063', NULL, 63),
(64, 'Fusilli', 2.49, 'Pasta', 'Dry fusilli pasta', '123456789064', NULL, 64),
(65, 'Lasagna Noodles', 3.49, 'Pasta', 'Dry lasagna noodles', '123456789065', '0.10', 65),
(66, 'Pasta Sauce', 3.99, 'Sauces', 'Tomato pasta sauce', '123456789066', NULL, 66),
(67, 'Alfredo Sauce', 4.99, 'Sauces', 'Creamy alfredo sauce', '123456789067', NULL, 67),
(68, 'Soy Sauce', 2.99, 'Sauces', 'Low-sodium soy sauce', '123456789068', NULL, 68),
(69, 'Hot Sauce', 1.99, 'Sauces', 'Spicy hot sauce', '123456789069', NULL, 69),
(70, 'Barbecue Sauce', 3.49, 'Sauces', 'Sweet barbecue sauce', '123456789070', NULL, 70),
(71, 'Ketchup', 2.49, 'Condiments', 'Tomato ketchup', '123456789071', NULL, 71),
(72, 'Mustard', 1.99, 'Condiments', 'Yellow mustard', '123456789072', NULL, 72),
(73, 'Mayonnaise', 3.49, 'Condiments', 'Creamy mayonnaise', '123456789073', NULL, 73),
(74, 'Ranch Dressing', 3.99, 'Condiments', 'Buttermilk ranch dressing', '123456789074', NULL, 74),
(75, 'Caesar Dressing', 4.49, 'Condiments', 'Classic caesar dressing', '123456789075', '0.20', 75),
(76, 'Olives', 2.99, 'Canned Goods', 'Pitted black olives', '123456789076', NULL, 76),
(77, 'Pickles', 3.49, 'Canned Goods', 'Dill pickles', '123456789077', NULL, 77),
(78, 'Canned Beans', 1.49, 'Canned Goods', 'Canned black beans', '123456789078', NULL, 78),
(79, 'Canned Corn', 1.99, 'Canned Goods', 'Canned sweet corn', '123456789079', NULL, 79),
(80, 'Canned Tomatoes', 2.49, 'Canned Goods', 'Canned diced tomatoes', '123456789080', NULL, 80),
(81, 'Canned Tuna', 2.99, 'Canned Goods', 'Canned tuna fish', '123456789081', NULL, 81),
(82, 'Canned Salmon', 3.49, 'Canned Goods', 'Canned pink salmon', '123456789082', NULL, 82),
(83, 'Canned Soup', 1.99, 'Canned Goods', 'Chicken noodle soup', '123456789083', NULL, 83),
(84, 'Canned Chili', 2.49, 'Canned Goods', 'Beef chili with beans', '123456789084', NULL, 84),
(85, 'Canned Fruit', 3.49, 'Canned Goods', 'Canned peach slices', '123456789085', '0.10', 85),
(86, 'Cereal', 3.99, 'Breakfast', 'Corn flakes cereal', '123456789086', NULL, 86),
(87, 'Oatmeal', 4.99, 'Breakfast', 'Instant oatmeal', '123456789087', NULL, 87),
(88, 'Pancake Mix', 2.99, 'Breakfast', 'Buttermilk pancake mix', '123456789088', NULL, 88),
(89, 'Maple Syrup', 3.49, 'Breakfast', 'Pure maple syrup', '123456789089', NULL, 89),
(90, 'Granola Bars', 4.99, 'Snacks', 'Oat and honey granola bars', '123456789090', NULL, 90),
(91, 'Potato Chips', 2.99, 'Snacks', 'Classic potato chips', '123456789091', NULL, 91),
(92, 'Pretzels', 2.49, 'Snacks', 'Salted pretzels', '123456789092', NULL, 92),
(93, 'Popcorn', 3.49, 'Snacks', 'Butter popcorn', '123456789093', NULL, 93),
(94, 'Trail Mix', 5.99, 'Snacks', 'Nut and fruit trail mix', '123456789094', NULL, 94),
(95, 'Cookies', 2.99, 'Snacks', 'Chocolate chip cookies', '123456789095', '0.20', 95),
(96, 'Crackers', 3.49, 'Snacks', 'Cheese crackers', '123456789096', NULL, 96),
(97, 'Chocolate', 4.99, 'Snacks', 'Dark chocolate bar', '123456789097', NULL, 97),
(98, 'Candy', 1.99, 'Snacks', 'Fruit-flavored candy', '123456789098', NULL, 98),
(99, 'Gum', 1.49, 'Snacks', 'Mint chewing gum', '123456789099', NULL, 99),
(100, 'Energy Bars', 5.49, 'Snacks', 'Peanut butter energy bars', '123456789100', '0.10', 100),
(101, 'Coffee', 6.99, 'Beverages', 'Ground coffee', '123456789101', NULL, 101),
(102, 'Tea', 3.99, 'Beverages', 'Green tea bags', '123456789102', NULL, 102),
(103, 'Juice', 2.99, 'Beverages', 'Orange juice', '123456789103', NULL, 103),
(104, 'Soda', 1.49, 'Beverages', 'Cola soda', '123456789104', NULL, 104),
(105, 'Water', 0.99, 'Beverages', 'Bottled water', '123456789105', NULL, 105),
(106, 'Sports Drink', 1.99, 'Beverages', 'Electrolyte sports drink', '123456789106', NULL, 106),
(107, 'Milk', 3.49, 'Dairy', 'Skim milk', '123456789107', NULL, 107),
(108, 'Almond Milk', 4.99, 'Dairy', 'Unsweetened almond milk', '123456789108', NULL, 108),
(109, 'Soy Milk', 3.99, 'Dairy', 'Vanilla soy milk', '123456789109', NULL, 109),
(110, 'Coconut Milk', 2.99, 'Dairy', 'Canned coconut milk', '123456789110', '0.20', 110),
(111, 'Flour', 2.99, 'Baking', 'All-purpose flour', '123456789111', NULL, 111),
(112, 'Sugar', 1.99, 'Baking', 'Granulated sugar', '123456789112', NULL, 112),
(113, 'Brown Sugar', 2.49, 'Baking', 'Packed brown sugar', '123456789113', NULL, 113),
(114, 'Baking Powder', 1.49, 'Baking', 'Baking powder', '123456789114', NULL, 114),
(115, 'Baking Soda', 0.99, 'Baking', 'Baking soda', '123456789115', '0.10', 115),
(116, 'Vanilla Extract', 3.99, 'Baking', 'Pure vanilla extract', '123456789116', NULL, 116),
(117, 'Chocolate Chips', 2.99, 'Baking', 'Semi-sweet chocolate chips', '123456789117', NULL, 117),
(118, 'Yeast', 1.99, 'Baking', 'Active dry yeast', '123456789118', NULL, 118),
(119, 'Corn Starch', 1.49, 'Baking', 'Corn starch', '123456789119', NULL, 119),
(120, 'Cocoa Powder', 3.99, 'Baking', 'Unsweetened cocoa powder', '123456789120', NULL, 120),
(121, 'Salt', 0.99, 'Spices', 'Table salt', '123456789121', NULL, 121),
(122, 'Pepper', 1.99, 'Spices', 'Ground black pepper', '123456789122', NULL, 122),
(123, 'Pineapple', 3.99, 'Fruits', 'A sweet and tangy pineapple', '123456789123', NULL, 123),
(124, 'Lettuce', 1.29, 'Vegetables', 'Fresh green lettuce', '123456789124', NULL, 124),
(125, 'Salmon Fillet', 15.99, 'Seafood', 'A fresh salmon fillet', '123456789125', '0.20', 125),
(126, 'Shrimp', 12.99, 'Seafood', 'A bag of shrimp', '123456789126', NULL, 126),
(127, 'Tilapia Fillet', 8.99, 'Seafood', 'A fresh tilapia fillet', '123456789127', NULL, 127),
(128, 'Beef Steak', 14.99, 'Meat', 'A juicy beef steak', '123456789128', NULL, 128),
(129, 'Pork Chop', 9.99, 'Meat', 'A tender pork chop', '123456789129', NULL, 129),
(130, 'Chicken Wings', 7.99, 'Meat', 'A pack of chicken wings', '123456789130', NULL, 130),
(131, 'Turkey Breast', 13.99, 'Meat', 'A fresh turkey breast', '123456789131', NULL, 131),
(132, 'Ground Beef', 5.99, 'Meat', 'A pack of ground beef', '123456789132', NULL, 132),
(133, 'Milk', 2.49, 'Dairy', 'A gallon of milk', '123456789133', NULL, 133),
(134, 'Cheese', 3.99, 'Dairy', 'A block of cheddar cheese', '123456789134', NULL, 134),
(135, 'Butter', 2.99, 'Dairy', 'A stick of unsalted butter', '123456789135', '0.10', 135),
(136, 'Yogurt', 1.49, 'Dairy', 'A cup of Greek yogurt', '123456789136', NULL, 136),
(137, 'Eggs', 2.99, 'Dairy', 'A dozen eggs', '123456789137', NULL, 137),
(138, 'Orange Juice', 3.49, 'Beverages', 'A bottle of orange juice', '123456789138', NULL, 138),
(139, 'Apple Juice', 3.29, 'Beverages', 'A bottle of apple juice', '123456789139', NULL, 139),
(140, 'Soda', 1.99, 'Beverages', 'A can of soda', '123456789140', NULL, 140),
(141, 'Water Bottle', 0.99, 'Beverages', 'A bottle of water', '123456789141', NULL, 141),
(142, 'Coffee', 4.99, 'Beverages', 'A bag of coffee beans', '123456789142', NULL, 142),
(143, 'Tea', 3.99, 'Beverages', 'A box of tea bags', '123456789143', NULL, 143),
(144, 'Bread', 2.49, 'Bakery', 'A loaf of whole grain bread', '123456789144', NULL, 144),
(145, 'Bagel', 1.29, 'Bakery', 'A freshly baked bagel', '123456789145', '0.10', 145),
(146, 'Croissant', 1.99, 'Bakery', 'A buttery croissant', '123456789146', NULL, 146),
(147, 'Muffin', 1.49, 'Bakery', 'A blueberry muffin', '123456789147', NULL, 147),
(148, 'Cake', 15.99, 'Bakery', 'A chocolate cake', '123456789148', NULL, 148),
(149, 'Cookie', 0.99, 'Bakery', 'A chocolate chip cookie', '123456789149', NULL, 149),
(150, 'Donut', 1.29, 'Bakery', 'A glazed donut', '123456789150', '0.20', 150),
(151, 'Bag of Chips', 2.99, 'Snacks', 'A bag of potato chips', '123456789151', NULL, 151),
(152, 'Chocolate Bar', 1.99, 'Snacks', 'A milk chocolate bar', '123456789152', NULL, 152),
(153, 'Granola Bar', 1.49, 'Snacks', 'A granola bar', '123456789153', NULL, 153),
(154, 'Popcorn', 3.49, 'Snacks', 'A bag of popcorn', '123456789154', NULL, 154),
(155, 'Nuts', 4.99, 'Snacks', 'A jar of mixed nuts', '123456789155', '0.10', 155),
(156, 'Fruit Snacks', 2.49, 'Snacks', 'A pack of fruit snacks', '123456789156', NULL, 156),
(157, 'Crackers', 2.99, 'Snacks', 'A box of crackers', '123456789157', NULL, 157),
(158, 'Pretzels', 2.99, 'Snacks', 'A bag of pretzels', '123456789158', NULL, 158),
(159, 'Beef Jerky', 5.99, 'Snacks', 'A pack of beef jerky', '123456789159', NULL, 159),
(160, 'Trail Mix', 3.99, 'Snacks', 'A bag of trail mix', '123456789160', NULL, 160),
(161, 'Pasta', 1.49, 'Pantry', 'A box of spaghetti pasta', '123456789161', NULL, 161),
(162, 'Rice', 1.99, 'Pantry', 'A bag of white rice', '123456789162', NULL, 162),
(163, 'Flour', 2.99, 'Pantry', 'A bag of all-purpose flour', '123456789163', NULL, 163),
(164, 'Sugar', 2.49, 'Pantry', 'A bag of granulated sugar', '123456789164', NULL, 164),
(165, 'Salt', 0.99, 'Pantry', 'A container of table salt', '123456789165', '0.10', 165),
(166, 'Pepper', 1.99, 'Pantry', 'A container of black pepper', '123456789166', NULL, 166),
(167, 'Olive Oil', 6.99, 'Pantry', 'A bottle of extra virgin olive oil', '123456789167', NULL, 167),
(168, 'Vinegar', 2.99, 'Pantry', 'A bottle of apple cider vinegar', '123456789168', NULL, 168),
(169, 'Canned Beans', 0.99, 'Pantry', 'A can of black beans', '123456789169', NULL, 169),
(170, 'Canned Corn', 0.99, 'Pantry', 'A can of sweet corn', '123456789170', NULL, 170),
(171, 'Cereal', 3.99, 'Pantry', 'A box of cereal', '123456789171', NULL, 171),
(172, 'Soup', 1.99, 'Pantry', 'A can of tomato soup', '123456789172', NULL, 172),
(173, 'Peanut Butter', 2.99, 'Pantry', 'A jar of peanut butter', '123456789173', NULL, 173),
(174, 'Jelly', 2.49, 'Pantry', 'A jar of grape jelly', '123456789174', NULL, 174),
(175, 'Pasta Sauce', 3.49, 'Pantry', 'A jar of marinara sauce', '123456789175', '0.10', 175),
(176, 'Ketchup', 1.99, 'Pantry', 'A bottle of ketchup', '123456789176', NULL, 176),
(177, 'Mustard', 1.49, 'Pantry', 'A bottle of mustard', '123456789177', NULL, 177),
(178, 'Mayonnaise', 3.49, 'Pantry', 'A jar of mayonnaise', '123456789178', NULL, 178),
(179, 'Soy Sauce', 2.49, 'Pantry', 'A bottle of soy sauce', '123456789179', NULL, 179),
(180, 'Hot Sauce', 1.99, 'Pantry', 'A bottle of hot sauce', '123456789180', NULL, 180),
(181, 'Honey', 4.99, 'Pantry', 'A jar of honey', '123456789181', NULL, 181),
(182, 'Maple Syrup', 5.99, 'Pantry', 'A bottle of maple syrup', '123456789182', NULL, 182),
(183, 'Oatmeal', 2.99, 'Pantry', 'A box of instant oatmeal', '123456789183', NULL, 183),
(184, 'Bread Crumbs', 1.99, 'Pantry', 'A container of bread crumbs', '123456789184', NULL, 184),
(185, 'Baking Powder', 1.49, 'Pantry', 'A container of baking powder', '123456789185', '0.10', 185),
(186, 'Baking Soda', 0.99, 'Pantry', 'A box of baking soda', '123456789186', NULL, 186),
(187, 'Yeast', 1.99, 'Pantry', 'A packet of active dry yeast', '123456789187', NULL, 187),
(188, 'Corn Starch', 1.49, 'Pantry', 'A box of corn starch', '123456789188', NULL, 188),
(189, 'Vanilla Extract', 4.99, 'Pantry', 'A bottle of vanilla extract', '123456789189', NULL, 189),
(190, 'Cinnamon', 2.49, 'Pantry', 'A container of ground cinnamon', '123456789190', NULL, 190),
(191, 'Paprika', 1.99, 'Pantry', 'A container of paprika', '123456789191', NULL, 191),
(192, 'Garlic Powder', 2.49, 'Pantry', 'A container of garlic powder', '123456789192', NULL, 192),
(193, 'Onion Powder', 2.49, 'Pantry', 'A container of onion powder', '123456789193', NULL, 193),
(194, 'Chili Powder', 2.99, 'Pantry', 'A container of chili powder', '123456789194', NULL, 194),
(195, 'Curry Powder', 3.49, 'Pantry', 'A container of curry powder', '123456789195', '0.10', 195),
(196, 'Ground Cumin', 2.99, 'Pantry', 'A container of ground cumin', '123456789196', NULL, 196),
(197, 'Ground Ginger', 2.99, 'Pantry', 'A container of ground ginger', '123456789197', NULL, 197),
(198, 'Black Peppercorns', 3.99, 'Pantry', 'A container of black peppercorns', '123456789198', NULL, 198),
(199, 'Bay Leaves', 1.99, 'Pantry', 'A container of bay leaves', '123456789199', NULL, 199),
(200, 'Thyme', 2.99, 'Pantry', 'A container of dried thyme', '123456789200', '0.20', 200),
(201, 'Spinach', 2.49, 'Vegetables', 'Fresh spinach leaves', '123456789201', NULL, 201),
(202, 'Kale', 2.99, 'Vegetables', 'Organic kale', '123456789202', NULL, 202),
(203, 'Arugula', 3.49, 'Vegetables', 'Peppery arugula', '123456789203', NULL, 203),
(204, 'Basil', 1.99, 'Herbs', 'Fresh basil leaves', '123456789204', NULL, 204),
(205, 'Mint', 1.99, 'Herbs', 'Fresh mint leaves', '123456789205', NULL, 205),
(206, 'Cilantro', 1.99, 'Herbs', 'Fresh cilantro', '123456789206', NULL, 206),
(207, 'Parsley', 1.99, 'Herbs', 'Fresh parsley', '123456789207', NULL, 207),
(208, 'Rosemary', 2.49, 'Herbs', 'Fresh rosemary', '123456789208', NULL, 208),
(209, 'Thyme', 2.49, 'Herbs', 'Fresh thyme', '123456789209', NULL, 209),
(210, 'Sage', 2.49, 'Herbs', 'Fresh sage', '123456789210', NULL, 210),
(211, 'Oregano', 2.49, 'Herbs', 'Fresh oregano', '123456789211', NULL, 211),
(212, 'Dill', 1.99, 'Herbs', 'Fresh dill', '123456789212', NULL, 212),
(213, 'Chives', 1.99, 'Herbs', 'Fresh chives', '123456789213', NULL, 213),
(214, 'Tarragon', 2.49, 'Herbs', 'Fresh tarragon', '123456789214', NULL, 214),
(215, 'Lemongrass', 2.99, 'Herbs', 'Fresh lemongrass', '123456789215', '0.10', 215),
(216, 'Shallots', 3.49, 'Vegetables', 'Fresh shallots', '123456789216', NULL, 216),
(217, 'Leeks', 2.99, 'Vegetables', 'Fresh leeks', '123456789217', NULL, 217),
(218, 'Celery', 1.99, 'Vegetables', 'Fresh celery stalks', '123456789218', NULL, 218),
(219, 'Carrots', 1.49, 'Vegetables', 'Organic carrots', '123456789219', NULL, 219),
(220, 'Beets', 2.49, 'Vegetables', 'Fresh beets', '123456789220', NULL, 220),
(221, 'Radishes', 1.99, 'Vegetables', 'Fresh radishes', '123456789221', NULL, 221),
(222, 'Turnips', 2.49, 'Vegetables', 'Fresh turnips', '123456789222', NULL, 222),
(223, 'Parsnips', 2.99, 'Vegetables', 'Fresh parsnips', '123456789223', NULL, 223),
(224, 'Rutabaga', 2.49, 'Vegetables', 'Fresh rutabaga', '123456789224', NULL, 224),
(225, 'Sweet Potatoes', 2.99, 'Vegetables', 'Organic sweet potatoes', '123456789225', '0.20', 225),
(226, 'Yams', 2.99, 'Vegetables', 'Fresh yams', '123456789226', NULL, 226),
(227, 'Squash', 3.49, 'Vegetables', 'Butternut squash', '123456789227', NULL, 227),
(228, 'Zucchini', 1.99, 'Vegetables', 'Fresh zucchini', '123456789228', NULL, 228),
(229, 'Eggplant', 2.49, 'Vegetables', 'Fresh eggplant', '123456789229', NULL, 229),
(230, 'Bell Peppers', 1.99, 'Vegetables', 'Organic bell peppers', '123456789230', NULL, 230),
(231, 'Hot Peppers', 2.49, 'Vegetables', 'Fresh hot peppers', '123456789231', NULL, 231),
(232, 'Avocado', 1.99, 'Fruits', 'Ripe avocado', '123456789232', NULL, 232),
(233, 'Tomatoes', 2.49, 'Vegetables', 'Organic tomatoes', '123456789233', NULL, 233),
(234, 'Cherry Tomatoes', 3.49, 'Vegetables', 'Sweet cherry tomatoes', '123456789234', NULL, 234),
(235, 'Grape Tomatoes', 3.49, 'Vegetables', 'Fresh grape tomatoes', '123456789235', '0.10', 235),
(236, 'Cucumbers', 1.49, 'Vegetables', 'Organic cucumbers', '123456789236', NULL, 236),
(237, 'Pickles', 3.49, 'Pantry', 'Crunchy pickles', '123456789237', NULL, 237),
(238, 'Olives', 4.49, 'Pantry', 'Mixed olives', '123456789238', NULL, 238),
(239, 'Capers', 2.99, 'Pantry', 'Salty capers', '123456789239', NULL, 239),
(240, 'Sun-Dried Tomatoes', 4.99, 'Pantry', 'Flavorful sun-dried tomatoes', '123456789240', NULL, 240),
(241, 'Artichoke Hearts', 3.99, 'Pantry', 'Marinated artichoke hearts', '123456789241', NULL, 241),
(242, 'Hearts of Palm', 4.49, 'Pantry', 'Tender hearts of palm', '123456789242', NULL, 242),
(243, 'Chickpeas', 1.99, 'Pantry', 'Organic chickpeas', '123456789243', NULL, 243),
(244, 'Black Beans', 1.49, 'Pantry', 'Organic black beans', '123456789244', NULL, 244),
(245, 'Pinto Beans', 1.49, 'Pantry', 'Organic pinto beans', '123456789245', '0.10', 245),
(246, 'Kidney Beans', 1.49, 'Pantry', 'Organic kidney beans', '123456789246', NULL, 246),
(247, 'Lentils', 1.99, 'Pantry', 'Organic lentils', '123456789247', NULL, 247),
(248, 'Split Peas', 1.99, 'Pantry', 'Organic split peas', '123456789248', NULL, 248),
(249, 'Quinoa', 4.99, 'Pantry', 'Organic quinoa', '123456789249', NULL, 249),
(250, 'Couscous', 3.49, 'Pantry', 'Organic couscous', '123456789250', '0.20', 250),
(251, 'Bulgar Wheat', 2.99, 'Pantry', 'Organic bulgar wheat', '123456789251', NULL, 251),
(252, 'Farro', 3.99, 'Pantry', 'Organic farro', '123456789252', NULL, 252),
(253, 'Barley', 2.99, 'Pantry', 'Organic barley', '123456789253', NULL, 253),
(254, 'Chia Seeds', 5.99, 'Pantry', 'Organic chia seeds', '123456789254', NULL, 254),
(255, 'Flax Seeds', 4.99, 'Pantry', 'Organic flax seeds', '123456789255', '0.10', 255),
(256, 'Hemp Seeds', 6.99, 'Pantry', 'Organic hemp seeds', '123456789256', NULL, 256),
(257, 'Pumpkin Seeds', 4.99, 'Pantry', 'Organic pumpkin seeds', '123456789257', NULL, 257),
(258, 'Sunflower Seeds', 3.99, 'Pantry', 'Organic sunflower seeds', '123456789258', NULL, 258),
(259, 'Sesame Seeds', 2.99, 'Pantry', 'Organic sesame seeds', '123456789259', NULL, 259),
(260, 'Almonds', 7.99, 'Pantry', 'Organic almonds', '123456789260', '0.20', 260),
(261, 'Cashews', 8.99, 'Pantry', 'Organic cashews', '123456789261', NULL, 261),
(262, 'Walnuts', 7.99, 'Pantry', 'Organic walnuts', '123456789262', NULL, 262),
(263, 'Pecans', 8.99, 'Pantry', 'Organic pecans', '123456789263', NULL, 263),
(264, 'Macadamia Nuts', 9.99, 'Pantry', 'Organic macadamia nuts', '123456789264', NULL, 264),
(265, 'Brazil Nuts', 8.99, 'Pantry', 'Organic Brazil nuts', '123456789265', '0.10', 265),
(266, 'Hazelnuts', 7.99, 'Pantry', 'Organic hazelnuts', '123456789266', NULL, 266),
(267, 'Pistachios', 8.99, 'Pantry', 'Organic pistachios', '123456789267', NULL, 267),
(268, 'Pine Nuts', 9.99, 'Pantry', 'Organic pine nuts', '123456789268', NULL, 268),
(269, 'Raisins', 3.49, 'Pantry', 'Organic raisins', '123456789269', NULL, 269),
(270, 'Dried Cranberries', 4.49, 'Pantry', 'Organic dried cranberries', '123456789270', NULL, 270),
(271, 'Dried Apricots', 5.49, 'Pantry', 'Organic dried apricots', '123456789271', NULL, 271),
(272, 'Dried Mango', 5.99, 'Pantry', 'Organic dried mango', '123456789272', NULL, 272),
(273, 'Dried Pineapple', 6.49, 'Pantry', 'Organic dried pineapple', '123456789273', '0.10', 273),
(274, 'Dried Papaya', 6.49, 'Pantry', 'Organic dried papaya', '123456789274', NULL, 274),
(275, 'Dried Figs', 6.99, 'Pantry', 'Organic dried figs', '123456789275', NULL, 275),
(276, 'Dried Dates', 7.49, 'Pantry', 'Organic dried dates', '123456789276', NULL, 276),
(277, 'Prunes', 5.49, 'Pantry', 'Organic prunes', '123456789277', NULL, 277),
(278, 'Dried Blueberries', 7.99, 'Pantry', 'Organic dried blueberries', '123456789278', NULL, 278),
(279, 'Dried Cherries', 8.49, 'Pantry', 'Organic dried cherries', '123456789279', NULL, 279),
(280, 'Dried Strawberries', 8.99, 'Pantry', 'Organic dried strawberries', '123456789280', '0.20', 280),
(281, 'Dried Raspberries', 8.99, 'Pantry', 'Organic dried raspberries', '123456789281', NULL, 281),
(282, 'Dried Blackberries', 9.49, 'Pantry', 'Organic dried blackberries', '123456789282', NULL, 282),
(283, 'Dried Mulberries', 9.99, 'Pantry', 'Organic dried mulberries', '123456789283', NULL, 283),
(284, 'Dried Gooseberries', 9.99, 'Pantry', 'Organic dried gooseberries', '123456789284', NULL, 284),
(285, 'Dried Golden Berries', 10.49, 'Pantry', 'Organic dried golden berries', '123456789285', '0.10', 285),
(286, 'Dried White Mulberries', 10.99, 'Pantry', 'Organic dried white mulberries', '123456789286', NULL, 286),
(287, 'Dried Inca Berries', 11.49, 'Pantry', 'Organic dried inca berries', '123456789287', NULL, 287),
(288, 'Dried Goji Berries', 11.99, 'Pantry', 'Organic dried goji berries', '123456789288', NULL, 288),
(289, 'Dried Acai Berries', 12.49, 'Pantry', 'Organic dried acai berries', '123456789289', NULL, 289),
(290, 'Canned Tuna', 1.49, 'Pantry', 'Canned tuna in water', '123456789290', NULL, 290),
(291, 'Canned Salmon', 2.49, 'Pantry', 'Canned salmon in water', '123456789291', NULL, 291),
(292, 'Canned Sardines', 1.99, 'Pantry', 'Canned sardines in oil', '123456789292', NULL, 292),
(293, 'Canned Mackerel', 2.99, 'Pantry', 'Canned mackerel in oil', '123456789293', NULL, 293),
(294, 'Canned Anchovies', 3.49, 'Pantry', 'Canned anchovies in oil', '123456789294', NULL, 294),
(295, 'Canned Crab Meat', 4.49, 'Pantry', 'Canned crab meat', '123456789295', '0.10', 295),
(296, 'Canned Clams', 3.49, 'Pantry', 'Canned clams', '123456789296', NULL, 296),
(297, 'Canned Mussels', 3.99, 'Pantry', 'Canned mussels', '123456789297', NULL, 297),
(298, 'Canned Oysters', 4.49, 'Pantry', 'Canned oysters', '123456789298', NULL, 298),
(299, 'Canned Squid', 4.99, 'Pantry', 'Canned squid', '123456789299', NULL, 299),
(300, 'Canned Scallops', 5.49, 'Pantry', 'Canned scallops', '123456789300', '0.20', 300),
(301, 'Canned Octopus', 5.99, 'Pantry', 'Canned octopus', '123456789301', NULL, 301),
(302, 'Frozen Shrimp', 6.99, 'Frozen', 'Frozen shrimp', '123456789302', NULL, 302),
(303, 'Frozen Salmon', 7.99, 'Frozen', 'Frozen salmon fillets', '123456789303', NULL, 303),
(304, 'Frozen Tilapia', 6.49, 'Frozen', 'Frozen tilapia fillets', '123456789304', NULL, 304),
(305, 'Frozen Cod', 7.49, 'Frozen', 'Frozen cod fillets', '123456789305', '0.10', 305),
(306, 'Frozen Mahi Mahi', 8.49, 'Frozen', 'Frozen mahi mahi fillets', '123456789306', NULL, 306),
(307, 'Frozen Halibut', 9.49, 'Frozen', 'Frozen halibut fillets', '123456789307', NULL, 307),
(308, 'Frozen Swordfish', 10.49, 'Frozen', 'Frozen swordfish steaks', '123456789308', NULL, 308),
(309, 'Frozen Tuna', 11.49, 'Frozen', 'Frozen tuna steaks', '123456789309', NULL, 309),
(310, 'Frozen Scallops', 12.49, 'Frozen', 'Frozen scallops', '123456789310', NULL, 310),
(311, 'Frozen Lobster Tails', 13.49, 'Frozen', 'Frozen lobster tails', '123456789311', NULL, 311),
(312, 'Frozen Crab Legs', 14.49, 'Frozen', 'Frozen crab legs', '123456789312', NULL, 312),
(313, 'Frozen Clams', 5.99, 'Frozen', 'Frozen clams', '123456789313', NULL, 313),
(314, 'Frozen Mussels', 6.49, 'Frozen', 'Frozen mussels', '123456789314', NULL, 314),
(315, 'Frozen Oysters', 6.99, 'Frozen', 'Frozen oysters', '123456789315', '0.20', 315),
(316, 'Frozen Squid', 7.49, 'Frozen', 'Frozen squid', '123456789316', NULL, 316),
(317, 'Frozen Octopus', 7.99, 'Frozen', 'Frozen octopus', '123456789317', NULL, 317),
(318, 'Frozen Scallops', 8.49, 'Frozen', 'Frozen scallops', '123456789318', NULL, 318),
(319, 'Frozen Shrimp', 8.99, 'Frozen', 'Frozen shrimp', '123456789319', NULL, 319),
(320, 'Lemonade', 2.49, 'Beverages', 'A bottle of lemonade', '123456789320', NULL, 320),
(321, 'Iced Tea', 2.99, 'Beverages', 'A bottle of iced tea', '123456789321', NULL, 321),
(322, 'Sparkling Water', 1.99, 'Beverages', 'A bottle of sparkling water', '123456789322', NULL, 322),
(323, 'Energy Drink', 2.49, 'Beverages', 'A can of energy drink', '123456789323', NULL, 323),
(324, 'Sports Drink', 2.99, 'Beverages', 'A bottle of sports drink', '123456789324', NULL, 324),
(325, 'Protein Shake', 3.99, 'Beverages', 'A bottle of protein shake', '123456789325', '0.20', 325),
(326, 'Almond Milk', 2.99, 'Dairy', 'A carton of almond milk', '123456789326', NULL, 326),
(327, 'Soy Milk', 2.99, 'Dairy', 'A carton of soy milk', '123456789327', NULL, 327),
(328, 'Coconut Milk', 2.99, 'Dairy', 'A carton of coconut milk', '123456789328', NULL, 328),
(329, 'Oat Milk', 2.99, 'Dairy', 'A carton of oat milk', '123456789329', NULL, 329),
(330, 'Greek Yogurt', 1.99, 'Dairy', 'A cup of Greek yogurt', '123456789330', NULL, 330),
(331, 'Cottage Cheese', 2.49, 'Dairy', 'A container of cottage cheese', '123456789331', NULL, 331),
(332, 'Sour Cream', 1.99, 'Dairy', 'A container of sour cream', '123456789332', NULL, 332),
(333, 'Cream Cheese', 2.49, 'Dairy', 'A container of cream cheese', '123456789333', NULL, 333),
(334, 'Whipping Cream', 3.49, 'Dairy', 'A carton of whipping cream', '123456789334', NULL, 334),
(335, 'Half and Half', 2.49, 'Dairy', 'A carton of half and half', '123456789335', '0.10', 335),
(336, 'Heavy Cream', 3.99, 'Dairy', 'A carton of heavy cream', '123456789336', NULL, 336),
(337, 'Parmesan Cheese', 4.99, 'Dairy', 'A block of Parmesan cheese', '123456789337', NULL, 337),
(338, 'Mozzarella Cheese', 3.99, 'Dairy', 'A block of mozzarella cheese', '123456789338', NULL, 338),
(339, 'Gouda Cheese', 4.99, 'Dairy', 'A block of Gouda cheese', '123456789339', NULL, 339),
(340, 'Feta Cheese', 3.99, 'Dairy', 'A block of feta cheese', '123456789340', NULL, 340),
(341, 'Blue Cheese', 4.99, 'Dairy', 'A block of blue cheese', '123456789341', NULL, 341),
(342, 'Swiss Cheese', 3.99, 'Dairy', 'A block of Swiss cheese', '123456789342', NULL, 342),
(343, 'Provolone Cheese', 3.99, 'Dairy', 'A block of provolone cheese', '123456789343', NULL, 343),
(344, 'Brie Cheese', 5.99, 'Dairy', 'A wheel of brie cheese', '123456789344', NULL, 344),
(345, 'Goat Cheese', 4.99, 'Dairy', 'A log of goat cheese', '123456789345', '0.10', 345),
(346, 'Cheddar Cheese', 3.99, 'Dairy', 'A block of cheddar cheese', '123456789346', NULL, 346),
(347, 'Pepper Jack Cheese', 3.99, 'Dairy', 'A block of pepper jack cheese', '123456789347', NULL, 347),
(348, 'Colby Jack Cheese', 3.99, 'Dairy', 'A block of Colby jack cheese', '123456789348', NULL, 348),
(349, 'Monterey Jack Cheese', 3.99, 'Dairy', 'A block of Monterey jack cheese', '123456789349', NULL, 349),
(350, 'Cream Cheese Spread', 2.99, 'Dairy', 'A container of cream cheese spread', '123456789350', '0.20', 350),
(351, 'Ricotta Cheese', 3.49, 'Dairy', 'A container of ricotta cheese', '123456789351', NULL, 351),
(352, 'Mascarpone Cheese', 4.99, 'Dairy', 'A container of mascarpone cheese', '123456789352', NULL, 352),
(353, 'Butter Milk', 1.99, 'Dairy', 'A carton of buttermilk', '123456789353', NULL, 353),
(354, 'Evaporated Milk', 1.49, 'Dairy', 'A can of evaporated milk', '123456789354', NULL, 354),
(355, 'Condensed Milk', 1.99, 'Dairy', 'A can of condensed milk', '123456789355', '0.10', 355),
(356, 'Vanilla Yogurt', 1.49, 'Dairy', 'A cup of vanilla yogurt', '123456789356', NULL, 356),
(357, 'Strawberry Yogurt', 1.49, 'Dairy', 'A cup of strawberry yogurt', '123456789357', NULL, 357),
(358, 'Blueberry Yogurt', 1.49, 'Dairy', 'A cup of blueberry yogurt', '123456789358', NULL, 358),
(359, 'Mango Yogurt', 1.49, 'Dairy', 'A cup of mango yogurt', '123456789359', NULL, 359),
(360, 'Peach Yogurt', 1.49, 'Dairy', 'A cup of peach yogurt', '123456789360', NULL, 360),
(361, 'Cherry Yogurt', 1.49, 'Dairy', 'A cup of cherry yogurt', '123456789361', NULL, 361),
(362, 'Raspberry Yogurt', 1.49, 'Dairy', 'A cup of raspberry yogurt', '123456789362', NULL, 362),
(363, 'Blackberry Yogurt', 1.49, 'Dairy', 'A cup of blackberry yogurt', '123456789363', NULL, 363),
(364, 'Pineapple Yogurt', 1.49, 'Dairy', 'A cup of pineapple yogurt', '123456789364', NULL, 364),
(365, 'Coconut Yogurt', 1.49, 'Dairy', 'A cup of coconut yogurt', '123456789365', '0.10', 365),
(366, 'Lime Yogurt', 1.49, 'Dairy', 'A cup of lime yogurt', '123456789366', NULL, 366),
(367, 'Orange Yogurt', 1.49, 'Dairy', 'A cup of orange yogurt', '123456789367', NULL, 367),
(368, 'Banana Yogurt', 1.49, 'Dairy', 'A cup of banana yogurt', '123456789368', NULL, 368),
(369, 'Apple Yogurt', 1.49, 'Dairy', 'A cup of apple yogurt', '123456789369', NULL, 369),
(370, 'Pomegranate Yogurt', 1.49, 'Dairy', 'A cup of pomegranate yogurt', '123456789370', NULL, 370),
(371, 'Kiwi Yogurt', 1.49, 'Dairy', 'A cup of kiwi yogurt', '123456789371', NULL, 371),
(372, 'Grape Yogurt', 1.49, 'Dairy', 'A cup of grape yogurt', '123456789372', NULL, 372),
(373, 'Fig Yogurt', 1.49, 'Dairy', 'A cup of fig yogurt', '123456789373', NULL, 373),
(374, 'Pumpkin Yogurt', 1.49, 'Dairy', 'A cup of pumpkin yogurt', '123456789374', NULL, 374),
(375, 'Mint Yogurt', 1.49, 'Dairy', 'A cup of mint yogurt', '123456789375', '0.20', 375),
(376, 'Eggnog', 2.99, 'Beverages', 'A carton of eggnog', '123456789376', NULL, 376),
(377, 'Butterscotch Pudding', 1.99, 'Desserts', 'A cup of butterscotch pudding', '123456789377', NULL, 377),
(378, 'Chocolate Pudding', 1.99, 'Desserts', 'A cup of chocolate pudding', '123456789378', NULL, 378),
(379, 'Vanilla Pudding', 1.99, 'Desserts', 'A cup of vanilla pudding', '123456789379', NULL, 379),
(380, 'Rice Pudding', 2.49, 'Desserts', 'A cup of rice pudding', '123456789380', NULL, 380),
(381, 'Tapioca Pudding', 2.49, 'Desserts', 'A cup of tapioca pudding', '123456789381', NULL, 381),
(382, 'Jello', 1.29, 'Desserts', 'A cup of jello', '123456789382', NULL, 382),
(383, 'Fruit Cocktail', 2.49, 'Desserts', 'A can of fruit cocktail', '123456789383', NULL, 383),
(384, 'Apple Sauce', 2.49, 'Desserts', 'A cup of apple sauce', '123456789384', NULL, 384),
(385, 'Peach Slices', 2.49, 'Desserts', 'A can of peach slices', '123456789385', '0.10', 385),
(386, 'Pineapple Chunks', 2.49, 'Desserts', 'A can of pineapple chunks', '123456789386', NULL, 386),
(387, 'Mandarin Oranges', 2.49, 'Desserts', 'A can of mandarin oranges', '123456789387', NULL, 387),
(388, 'Cherry Pie Filling', 2.99, 'Desserts', 'A can of cherry pie filling', '123456789388', NULL, 388),
(389, 'Blueberry Pie Filling', 2.99, 'Desserts', 'A can of blueberry pie filling', '123456789389', NULL, 389),
(390, 'Apple Pie Filling', 2.99, 'Desserts', 'A can of apple pie filling', '123456789390', NULL, 390),
(391, 'Pumpkin Pie Filling', 2.99, 'Desserts', 'A can of pumpkin pie filling', '123456789391', NULL, 391),
(392, 'Sweetened Condensed Milk', 2.49, 'Desserts', 'A can of sweetened condensed milk', '123456789392', NULL, 392),
(393, 'Caramel Sauce', 3.99, 'Desserts', 'A bottle of caramel sauce', '123456789393', NULL, 393),
(394, 'Chocolate Syrup', 3.99, 'Desserts', 'A bottle of chocolate syrup', '123456789394', NULL, 394),
(395, 'Strawberry Syrup', 3.99, 'Desserts', 'A bottle of strawberry syrup', '123456789395', NULL, 395),
(396, 'Whipped Cream', 2.99, 'Desserts', 'A can of whipped cream', '123456789396', NULL, 396),
(397, 'Maraschino Cherries', 2.99, 'Desserts', 'A jar of maraschino cherries', '123456789397', NULL, 397),
(398, 'Ice Cream', 4.99, 'Desserts', 'A tub of vanilla ice cream', '123456789398', NULL, 398),
(399, 'Frozen Yogurt', 4.99, 'Desserts', 'A tub of frozen yogurt', '123456789399', NULL, 399),
(400, 'Sherbet', 4.99, 'Desserts', 'A tub of orange sherbet', '123456789400', '0.20', 400);

INSERT INTO `amazongo`.`SensorLogs` (`EventType`, `LogTime`, `ItemID`, `CartID`) VALUES
('PickUp', '2024-12-01 10:00:00', 1, 1),
('PutBack', '2024-12-01 10:05:00', 1, 1),
('PickUp', '2024-12-01 10:10:00', 2, 2),
('PutBack', '2024-12-01 10:15:00', 2, 2),
('PickUp', '2024-12-01 10:20:00', 3, 3),
('PutBack', '2024-12-01 10:25:00', 3, 3),
('PickUp', '2024-12-01 10:30:00', 4, 4),
('PutBack', '2024-12-01 10:35:00', 4, 4),
('PickUp', '2024-12-01 10:40:00', 5, 5),
('PutBack', '2024-12-01 10:45:00', 5, 5),
('PickUp', '2024-12-01 10:50:00', 6, 6),
('PutBack', '2024-12-01 10:55:00', 6, 6),
('PickUp', '2024-12-01 11:00:00', 7, 7),
('PutBack', '2024-12-01 11:05:00', 7, 7),
('PickUp', '2024-12-01 11:10:00', 8, 8),
('PutBack', '2024-12-01 11:15:00', 8, 8),
('PickUp', '2024-12-01 11:20:00', 9, 9),
('PutBack', '2024-12-01 11:25:00', 9, 9),
('PickUp', '2024-12-01 11:30:00', 10, 10),
('PutBack', '2024-12-01 11:35:00', 10, 10),
('PickUp', '2024-12-01 11:40:00', 11, 11),
('PutBack', '2024-12-01 11:45:00', 11, 11),
('PickUp', '2024-12-01 11:50:00', 12, 12),
('PutBack', '2024-12-01 11:55:00', 12, 12),
('PickUp', '2024-12-01 12:00:00', 13, 13),
('PutBack', '2024-12-01 12:05:00', 13, 13),
('PickUp', '2024-12-01 12:10:00', 14, 14),
('PutBack', '2024-12-01 12:15:00', 14, 14),
('PickUp', '2024-12-01 12:20:00', 15, 15),
('PutBack', '2024-12-01 12:25:00', 15, 15),
('PickUp', '2024-12-01 12:30:00', 16, 16),
('PutBack', '2024-12-01 12:35:00', 16, 16),
('PickUp', '2024-12-01 12:40:00', 17, 17),
('PutBack', '2024-12-01 12:45:00', 17, 17),
('PickUp', '2024-12-01 12:50:00', 18, 18),
('PutBack', '2024-12-01 12:55:00', 18, 18),
('PickUp', '2024-12-01 13:00:00', 19, 19),
('PutBack', '2024-12-01 13:05:00', 19, 19),
('PickUp', '2024-12-01 13:10:00', 20, 20),
('PutBack', '2024-12-01 13:15:00', 20, 20),
('PickUp', '2024-12-01 13:20:00', 21, 21),
('PutBack', '2024-12-01 13:25:00', 21, 21),
('PickUp', '2024-12-01 13:30:00', 22, 22),
('PutBack', '2024-12-01 13:35:00', 22, 22),
('PickUp', '2024-12-01 13:40:00', 23, 23),
('PutBack', '2024-12-01 13:45:00', 23, 23),
('PickUp', '2024-12-01 13:50:00', 24, 24),
('PutBack', '2024-12-01 13:55:00', 24, 24),
('PickUp', '2024-12-01 14:00:00', 25, 25),
('PutBack', '2024-12-01 14:05:00', 25, 25),
('PickUp', '2024-12-01 14:10:00', 26, 26),
('PutBack', '2024-12-01 14:15:00', 26, 26),
('PickUp', '2024-12-01 14:20:00', 27, 27),
('PutBack', '2024-12-01 14:25:00', 27, 27),
('PickUp', '2024-12-01 14:30:00', 28, 28),
('PutBack', '2024-12-01 14:35:00', 28, 28),
('PickUp', '2024-12-01 14:40:00', 29, 29),
('PutBack', '2024-12-01 14:45:00', 29, 29),
('PickUp', '2024-12-01 14:50:00', 30, 30),
('PutBack', '2024-12-01 14:55:00', 30, 30),
('PickUp', '2024-12-01 15:00:00', 31, 31),
('PutBack', '2024-12-01 15:05:00', 31, 31),
('PickUp', '2024-12-01 15:10:00', 32, 32),
('PutBack', '2024-12-01 15:15:00', 32, 32),
('PickUp', '2024-12-01 15:20:00', 33, 33),
('PutBack', '2024-12-01 15:25:00', 33, 33),
('PickUp', '2024-12-01 15:30:00', 34, 34),
('PutBack', '2024-12-01 15:35:00', 34, 34),
('PickUp', '2024-12-01 15:40:00', 35, 35),
('PutBack', '2024-12-01 15:45:00', 35, 35),
('PickUp', '2024-12-01 15:50:00', 36, 36),
('PutBack', '2024-12-01 15:55:00', 36, 36),
('PickUp', '2024-12-01 16:00:00', 37, 37),
('PutBack', '2024-12-01 16:05:00', 37, 37),
('PickUp', '2024-12-01 16:10:00', 38, 38),
('PutBack', '2024-12-01 16:15:00', 38, 38),
('PickUp', '2024-12-01 16:20:00', 39, 39),
('PutBack', '2024-12-01 16:25:00', 39, 39),
('PickUp', '2024-12-01 16:30:00', 40, 40),
('PutBack', '2024-12-01 16:35:00', 40, 40),
('PickUp', '2024-12-01 16:40:00', 41, 41),
('PutBack', '2024-12-01 16:45:00', 41, 41),
('PickUp', '2024-12-01 16:50:00', 42, 42),
('PutBack', '2024-12-01 16:55:00', 42, 42),
('PickUp', '2024-12-01 17:00:00', 43, 43),
('PutBack', '2024-12-01 17:05:00', 43, 43),
('PickUp', '2024-12-01 17:10:00', 44, 44),
('PutBack', '2024-12-01 17:15:00', 44, 44),
('PickUp', '2024-12-01 17:20:00', 45, 45),
('PutBack', '2024-12-01 17:25:00', 45, 45),
('PickUp', '2024-12-01 17:30:00', 46, 46),
('PutBack', '2024-12-01 17:35:00', 46, 46),
('PickUp', '2024-12-01 17:40:00', 47, 47),
('PutBack', '2024-12-01 17:45:00', 47, 47),
('PickUp', '2024-12-01 17:50:00', 48, 48),
('PutBack', '2024-12-01 17:55:00', 48, 48),
('PickUp', '2024-12-01 18:00:00', 49, 49),
('PutBack', '2024-12-01 18:05:00', 49, 49),
('PickUp', '2024-12-01 18:10:00', 50, 50),
('PutBack', '2024-12-01 18:15:00', 50, 50);

INSERT INTO `amazongo`.`CustomerFeedback` (`FeedbackLogID`, `FeedbackType`, `FeedbackNotes`, `CustomerID`) VALUES
(1, 'Positive', 'Great service', 'cust-001'),
(2, 'Negative', 'Long wait time', 'cust-002'),
(3, 'Neutral', 'Average experience', 'cust-003'),
(4, 'Positive', 'Loved the variety', 'cust-004'),
(5, 'Negative', 'Poor customer service', 'cust-005'),
(6, 'Positive', 'Quick checkout', 'cust-006'),
(7, 'Negative', 'Items out of stock', 'cust-007'),
(8, 'Neutral', 'Okay but could improve', 'cust-008'),
(9, 'Positive', 'Clean store', 'cust-009'),
(10, 'Negative', 'Rude staff', 'cust-010'),
(11, 'Positive', 'Affordable prices', 'cust-011'),
(12, 'Neutral', 'Nothing special', 'cust-012'),
(13, 'Positive', 'Helpful staff', 'cust-013'),
(14, 'Negative', 'Dirty environment', 'cust-014'),
(15, 'Positive', 'Well organized', 'cust-015'),
(16, 'Negative', 'Long lines', 'cust-016'),
(17, 'Positive', 'Great discounts', 'cust-017'),
(18, 'Neutral', 'Average quality', 'cust-018'),
(19, 'Positive', 'Friendly staff', 'cust-019'),
(20, 'Negative', 'Poorly stocked', 'cust-020'),
(21, 'Positive', 'Convenient location', 'cust-021'),
(22, 'Negative', 'Overpriced items', 'cust-022'),
(23, 'Neutral', 'Mediocre service', 'cust-023'),
(24, 'Positive', 'Good product range', 'cust-024'),
(25, 'Negative', 'Unhelpful staff', 'cust-025'),
(26, 'Positive', 'Easy navigation', 'cust-026'),
(27, 'Negative', 'Limited variety', 'cust-027'),
(28, 'Neutral', 'Satisfactory', 'cust-028'),
(29, 'Positive', 'Good ambiance', 'cust-029'),
(30, 'Negative', 'Issues with billing', 'cust-030'),
(31, 'Positive', 'Great experience', 'cust-031'),
(32, 'Negative', 'Unclean restrooms', 'cust-032'),
(33, 'Positive', 'Efficient service', 'cust-033'),
(34, 'Neutral', 'Decent but not great', 'cust-034'),
(35, 'Positive', 'Fast service', 'cust-035'),
(36, 'Negative', 'Limited parking', 'cust-036'),
(37, 'Positive', 'Knowledgeable staff', 'cust-037'),
(38, 'Negative', 'Crowded', 'cust-038'),
(39, 'Positive', 'Comfortable shopping', 'cust-039'),
(40, 'Negative', 'High prices', 'cust-040'),
(41, 'Positive', 'Quality products', 'cust-041'),
(42, 'Neutral', 'Average selection', 'cust-042'),
(43, 'Positive', 'Well lit', 'cust-043'),
(44, 'Negative', 'Poor layout', 'cust-044'),
(45, 'Positive', 'Easy returns', 'cust-045'),
(46, 'Negative', 'Slow service', 'cust-046'),
(47, 'Positive', 'Great rewards program', 'cust-047'),
(48, 'Neutral', 'Not bad', 'cust-048'),
(49, 'Positive', 'Wide aisles', 'cust-049'),
(50, 'Negative', 'Disorganized', 'cust-050'),
(51, 'Positive', 'Good promotions', 'cust-051'),
(52, 'Negative', 'Unfriendly staff', 'cust-052'),
(53, 'Positive', 'Fast checkout', 'cust-053'),
(54, 'Neutral', 'Just okay', 'cust-054'),
(55, 'Positive', 'Great products', 'cust-055'),
(56, 'Negative', 'Unclean store', 'cust-056'),
(57, 'Positive', 'Helpful customer service', 'cust-057'),
(58, 'Negative', 'Bad experience', 'cust-058'),
(59, 'Positive', 'Nice atmosphere', 'cust-059'),
(60, 'Neutral', 'Could be better', 'cust-060'),
(61, 'Positive', 'Good variety', 'cust-061'),
(62, 'Negative', 'Unpleasant staff', 'cust-062'),
(63, 'Positive', 'Quick assistance', 'cust-063'),
(64, 'Neutral', 'Fairly decent', 'cust-064'),
(65, 'Positive', 'Good location', 'cust-065'),
(66, 'Negative', 'Expensive', 'cust-066'),
(67, 'Positive', 'Good service', 'cust-067'),
(68, 'Negative', 'Inconvenient', 'cust-068'),
(69, 'Positive', 'Pleasant staff', 'cust-069'),
(70, 'Neutral', 'As expected', 'cust-070'),
(71, 'Positive', 'Clean and tidy', 'cust-071'),
(72, 'Negative', 'Rushed service', 'cust-072'),
(73, 'Positive', 'Good deals', 'cust-073'),
(74, 'Negative', 'Unhelpful staff', 'cust-074'),
(75, 'Positive', 'Well stocked', 'cust-075'),
(76, 'Neutral', 'Not impressed', 'cust-076'),
(77, 'Positive', 'Excellent service', 'cust-077'),
(78, 'Negative', 'Poor signage', 'cust-078'),
(79, 'Positive', 'Nice store layout', 'cust-079'),
(80, 'Negative', 'Not clean', 'cust-080'),
(81, 'Positive', 'Friendly employees', 'cust-081'),
(82, 'Negative', 'Overpriced', 'cust-082'),
(83, 'Positive', 'Good shopping experience', 'cust-083'),
(84, 'Neutral', 'Average', 'cust-084'),
(85, 'Positive', 'Satisfied', 'cust-085'),
(86, 'Negative', 'Long checkout lines', 'cust-086'),
(87, 'Positive', 'Well maintained', 'cust-087'),
(88, 'Negative', 'Insufficient staff', 'cust-088'),
(89, 'Positive', 'Good customer service', 'cust-089'),
(90, 'Neutral', 'Okay experience', 'cust-090'),
(91, 'Positive', 'Pleasant shopping', 'cust-091'),
(92, 'Negative', 'Messy store', 'cust-092'),
(93, 'Positive', 'Great staff', 'cust-093'),
(94, 'Neutral', 'Nothing special', 'cust-094'),
(95, 'Positive', 'Very helpful', 'cust-095'),
(96, 'Negative', 'Bad layout', 'cust-096'),
(97, 'Positive', 'Clean environment', 'cust-097'),
(98, 'Negative', 'Poor maintenance', 'cust-098'),
(99, 'Positive', 'Enjoyable shopping', 'cust-099'),
(100, 'Neutral', 'It was fine', 'cust-100');

INSERT INTO `amazongo`.`CustomerAddress` (`CustomerAddressID`, `Country`, `City`, `Region`, `PostalCode`, `Address`, `AddressType`, `CustomerID`) VALUES
(1, 'USA', 'New York', 'NY', '10001', '123 Main St', 'Home', 'cust-001'),
(2, 'USA', 'Los Angeles', 'CA', '90001', '456 Maple Ave', 'Home', 'cust-002'),
(3, 'USA', 'Chicago', 'IL', '60601', '789 Oak St', 'Home', 'cust-003'),
(4, 'USA', 'Houston', 'TX', '77001', '101 Pine St', 'Work', 'cust-004'),
(5, 'USA', 'Phoenix', 'AZ', '85001', '202 Birch St', 'Home', 'cust-005'),
(6, 'USA', 'Philadelphia', 'PA', '19101', '303 Cedar St', 'Work', 'cust-006'),
(7, 'USA', 'San Antonio', 'TX', '78201', '404 Walnut St', 'Home', 'cust-007'),
(8, 'USA', 'San Diego', 'CA', '92101', '505 Elm St', 'Work', 'cust-008'),
(9, 'USA', 'Dallas', 'TX', '75201', '606 Ash St', 'Home', 'cust-009'),
(10, 'USA', 'San Jose', 'CA', '95101', '707 Spruce St', 'Work', 'cust-010'),
(11, 'USA', 'Austin', 'TX', '73301', '808 Fir St', 'Home', 'cust-011'),
(12, 'USA', 'Jacksonville', 'FL', '32099', '909 Redwood St', 'Work', 'cust-012'),
(13, 'USA', 'Fort Worth', 'TX', '76101', '1010 Hickory St', 'Home', 'cust-013'),
(14, 'USA', 'Columbus', 'OH', '43004', '1111 Cypress St', 'Work', 'cust-014'),
(15, 'USA', 'Charlotte', 'NC', '28201', '1212 Poplar St', 'Home', 'cust-015'),
(16, 'USA', 'San Francisco', 'CA', '94101', '1313 Chestnut St', 'Work', 'cust-016'),
(17, 'USA', 'Indianapolis', 'IN', '46201', '1414 Sycamore St', 'Home', 'cust-017'),
(18, 'USA', 'Seattle', 'WA', '98101', '1515 Magnolia St', 'Work', 'cust-018'),
(19, 'USA', 'Denver', 'CO', '80201', '1616 Dogwood St', 'Home', 'cust-019'),
(20, 'USA', 'Washington', 'DC', '20001', '1717 Willow St', 'Work', 'cust-020'),
(21, 'USA', 'Boston', 'MA', '02101', '1818 Palm St', 'Home', 'cust-021'),
(22, 'USA', 'El Paso', 'TX', '79901', '1919 Bamboo St', 'Work', 'cust-022'),
(23, 'USA', 'Nashville', 'TN', '37201', '2020 Fern St', 'Home', 'cust-023'),
(24, 'USA', 'Detroit', 'MI', '48201', '2121 Heather St', 'Work', 'cust-024'),
(25, 'USA', 'Oklahoma City', 'OK', '73101', '2222 Ivy St', 'Home', 'cust-025'),
(26, 'USA', 'Las Vegas', 'NV', '89101', '2323 Juniper St', 'Work', 'cust-026'),
(27, 'USA', 'Louisville', 'KY', '40201', '2424 Lilac St', 'Home', 'cust-027'),
(28, 'USA', 'Baltimore', 'MD', '21201', '2525 Marigold St', 'Work', 'cust-028'),
(29, 'USA', 'Milwaukee', 'WI', '53201', '2626 Myrtle St', 'Home', 'cust-029'),
(30, 'USA', 'Albuquerque', 'NM', '87101', '2727 Orchid St', 'Work', 'cust-030'),
(31, 'USA', 'Tucson', 'AZ', '85701', '2828 Pansy St', 'Home', 'cust-031'),
(32, 'USA', 'Fresno', 'CA', '93701', '2929 Peony St', 'Work', 'cust-032'),
(33, 'USA', 'Sacramento', 'CA', '94203', '3030 Petunia St', 'Home', 'cust-033'),
(34, 'USA', 'Kansas City', 'MO', '64101', '3131 Rose St', 'Work', 'cust-034'),
(35, 'USA', 'Long Beach', 'CA', '90801', '3232 Tulip St', 'Home', 'cust-035'),
(36, 'USA', 'Mesa', 'AZ', '85201', '3333 Violet St', 'Work', 'cust-036'),
(37, 'USA', 'Atlanta', 'GA', '30301', '3434 Azalea St', 'Home', 'cust-037'),
(38, 'USA', 'Colorado Springs', 'CO', '80901', '3535 Begonia St', 'Work', 'cust-038'),
(39, 'USA', 'Virginia Beach', 'VA', '23450', '3636 Blossom St', 'Home', 'cust-039'),
(40, 'USA', 'Raleigh', 'NC', '27601', '3737 Bloom St', 'Work', 'cust-040'),
(41, 'USA', 'Omaha', 'NE', '68101', '3838 Bud St', 'Home', 'cust-041'),
(42, 'USA', 'Miami', 'FL', '33101', '3939 Cactus St', 'Work', 'cust-042'),
(43, 'USA', 'Oakland', 'CA', '94601', '4040 Clover St', 'Home', 'cust-043'),
(44, 'USA', 'Minneapolis', 'MN', '55401', '4141 Daffodil St', 'Work', 'cust-044'),
(45, 'USA', 'Tulsa', 'OK', '74101', '4242 Daisy St', 'Home', 'cust-045'),
(46, 'USA', 'Arlington', 'TX', '76001', '4343 Gardenia St', 'Work', 'cust-046'),
(47, 'USA', 'Tampa', 'FL', '33601', '4444 Hawthorn St', 'Home', 'cust-047'),
(48, 'USA', 'New Orleans', 'LA', '70112', '4545 Iris St', 'Work', 'cust-048'),
(49, 'USA', 'Wichita', 'KS', '67201', '4646 Jasmine St', 'Home', 'cust-049'),
(50, 'USA', 'Cleveland', 'OH', '44101', '4747 Lavender St', 'Work', 'cust-050'),
(51, 'USA', 'Bakersfield', 'CA', '93301', '4848 Lilac St', 'Home', 'cust-051'),
(52, 'USA', 'Aurora', 'CO', '80010', '4949 Magnolia St', 'Work', 'cust-052'),
(53, 'USA', 'Anaheim', 'CA', '92801', '5050 Marigold St', 'Home', 'cust-053'),
(54, 'USA', 'Honolulu', 'HI', '96801', '5151 Myrtle St', 'Work', 'cust-054'),
(55, 'USA', 'Santa Ana', 'CA', '92701', '5252 Orchid St', 'Home', 'cust-055'),
(56, 'USA', 'Riverside', 'CA', '92501', '5353 Peony St', 'Work', 'cust-056'),
(57, 'USA', 'Corpus Christi', 'TX', '78401', '5454 Petunia St', 'Home', 'cust-057'),
(58, 'USA', 'Lexington', 'KY', '40502', '5555 Rose St', 'Work', 'cust-058'),
(59, 'USA', 'Henderson', 'NV', '89002', '5656 Tulip St', 'Home', 'cust-059'),
(60, 'USA', 'Stockton', 'CA', '95201', '5757 Violet St', 'Work', 'cust-060'),
(61, 'USA', 'Saint Paul', 'MN', '55101', '5858 Azalea St', 'Home', 'cust-061'),
(62, 'USA', 'Cincinnati', 'OH', '45201', '5959 Begonia St', 'Work', 'cust-062'),
(63, 'USA', 'Anchorage', 'AK', '99501', '6060 Blossom St', 'Home', 'cust-063'),
(64, 'USA', 'Greensboro', 'NC', '27401', '6161 Bloom St', 'Work', 'cust-064'),
(65, 'USA', 'Plano', 'TX', '75023', '6262 Bud St', 'Home', 'cust-065'),
(66, 'USA', 'Lincoln', 'NE', '68501', '6363 Cactus St', 'Work', 'cust-066'),
(67, 'USA', 'Buffalo', 'NY', '14201', '6464 Clover St', 'Home', 'cust-067'),
(68, 'USA', 'Jersey City', 'NJ', '07302', '6565 Daffodil St', 'Work', 'cust-068'),
(69, 'USA', 'Chula Vista', 'CA', '91910', '6666 Daisy St', 'Home', 'cust-069'),
(70, 'USA', 'Fort Wayne', 'IN', '46801', '6767 Gardenia St', 'Work', 'cust-070'),
(71, 'USA', 'Orlando', 'FL', '32801', '6868 Hawthorn St', 'Home', 'cust-071'),
(72, 'USA', 'St. Petersburg', 'FL', '33701', '6969 Iris St', 'Work', 'cust-072'),
(73, 'USA', 'Chandler', 'AZ', '85224', '7070 Jasmine St', 'Home', 'cust-073'),
(74, 'USA', 'Laredo', 'TX', '78040', '7171 Lavender St', 'Work', 'cust-074'),
(75, 'USA', 'Madison', 'WI', '53701', '7272 Lilac St', 'Home', 'cust-075'),
(76, 'USA', 'Durham', 'NC', '27701', '7373 Magnolia St', 'Work', 'cust-076'),
(77, 'USA', 'Lubbock', 'TX', '79401', '7474 Marigold St', 'Home', 'cust-077'),
(78, 'USA', 'Winston-Salem', 'NC', '27101', '7575 Myrtle St', 'Work', 'cust-078'),
(79, 'USA', 'Garland', 'TX', '75040', '7676 Orchid St', 'Home', 'cust-079'),
(80, 'USA', 'Glendale', 'AZ', '85301', '7777 Peony St', 'Work', 'cust-080'),
(81, 'USA', 'Hialeah', 'FL', '33010', '7878 Petunia St', 'Home', 'cust-081'),
(82, 'USA', 'Reno', 'NV', '89501', '7979 Rose St', 'Work', 'cust-082'),
(83, 'USA', 'Chesapeake', 'VA', '23320', '8080 Tulip St', 'Home', 'cust-083'),
(84, 'USA', 'Gilbert', 'AZ', '85233', '8181 Violet St', 'Work', 'cust-084'),
(85, 'USA', 'Baton Rouge', 'LA', '70801', '8282 Azalea St', 'Home', 'cust-085'),
(86, 'USA', 'Irving', 'TX', '75038', '8383 Begonia St', 'Work', 'cust-086'),
(87, 'USA', 'Scottsdale', 'AZ', '85251', '8484 Blossom St', 'Home', 'cust-087'),
(88, 'USA', 'North Las Vegas', 'NV', '89030', '8585 Bloom St', 'Work', 'cust-088'),
(89, 'USA', 'Fremont', 'CA', '94536', '8686 Bud St', 'Home', 'cust-089'),
(90, 'USA', 'Boise', 'ID', '83701', '8787 Cactus St', 'Work', 'cust-090'),
(91, 'USA', 'Richmond', 'VA', '23218', '8888 Clover St', 'Home', 'cust-091'),
(92, 'USA', 'San Bernardino', 'CA', '92401', '8989 Daffodil St', 'Work', 'cust-092'),
(93, 'USA', 'Birmingham', 'AL', '35201', '9090 Daisy St', 'Home', 'cust-093'),
(94, 'USA', 'Spokane', 'WA', '99201', '9191 Gardenia St', 'Work', 'cust-094'),
(95, 'USA', 'Rochester', 'NY', '14602', '9292 Hawthorn St', 'Home', 'cust-095'),
(96, 'USA', 'Des Moines', 'IA', '50301', '9393 Iris St', 'Work', 'cust-096'),
(97, 'USA', 'Modesto', 'CA', '95350', '9494 Jasmine St', 'Home', 'cust-097'),
(98, 'USA', 'Fayetteville', 'NC', '28301', '9595 Lavender St', 'Work', 'cust-098'),
(99, 'USA', 'Tacoma', 'WA', '98401', '9696 Lilac St', 'Home', 'cust-099'),
(100, 'USA', 'Oxnard', 'CA', '93030', '9797 Magnolia St', 'Work', 'cust-100'),
(101, 'USA', 'Fontana', 'CA', '92335', '9898 Marigold St', 'Home', 'cust-101');

SET @encryption_key = 'Aish is the best';

INSERT INTO `amazongo`.`PaymentMethods` (`PaymentMethodID`, `CardNumber`, `CardType`, `ExpirationDate`, `Address`, `CustomerID`) VALUES
(1, AES_ENCRYPT('1234567812345678', @encryption_key), 'VISA', '12/25', '123 Main St', 'cust-001'),
(2, AES_ENCRYPT('2345678923456789', @encryption_key), 'MasterCard', '11/24', '456 Elm St', 'cust-002'),
(3, AES_ENCRYPT('3456789034567890', @encryption_key), 'AMEX', '10/23', '789 Oak St', 'cust-003'),
(4, AES_ENCRYPT('4567890145678901', @encryption_key), 'Discover', '09/23', '321 Birch St', 'cust-004'),
(5, AES_ENCRYPT('5678901256789012', @encryption_key), 'VISA', '08/24', '654 Cedar St', 'cust-005'),
(6, AES_ENCRYPT('6789012367890123', @encryption_key), 'MasterCard', '07/25', '987 Maple St', 'cust-006'),
(7, AES_ENCRYPT('7890123478901234', @encryption_key), 'AMEX', '06/23', '432 Pine St', 'cust-007'),
(8, AES_ENCRYPT('8901234589012345', @encryption_key), 'Discover', '05/24', '876 Oak St', 'cust-008'),
(9, AES_ENCRYPT('9012345690123456', @encryption_key), 'VISA', '04/25', '345 Birch St', 'cust-009'),
(10, AES_ENCRYPT('0123456701234567', @encryption_key), 'MasterCard', '03/23', '678 Cedar St', 'cust-010'),
(11, AES_ENCRYPT('1234567812345678', @encryption_key), 'AMEX', '02/24', '123 Main St', 'cust-011'),
(12, AES_ENCRYPT('2345678923456789', @encryption_key), 'Discover', '01/25', '456 Elm St', 'cust-012'),
(13, AES_ENCRYPT('3456789034567890', @encryption_key), 'VISA', '12/23', '789 Oak St', 'cust-013'),
(14, AES_ENCRYPT('4567890145678901', @encryption_key), 'MasterCard', '11/24', '321 Birch St', 'cust-014'),
(15, AES_ENCRYPT('5678901256789012', @encryption_key), 'AMEX', '10/25', '654 Cedar St', 'cust-015'),
(16, AES_ENCRYPT('6789012367890123', @encryption_key), 'Discover', '09/23', '987 Maple St', 'cust-016'),
(17, AES_ENCRYPT('7890123478901234', @encryption_key), 'VISA', '08/24', '432 Pine St', 'cust-017'),
(18, AES_ENCRYPT('8901234589012345', @encryption_key), 'MasterCard', '07/25', '876 Oak St', 'cust-018'),
(19, AES_ENCRYPT('9012345690123456', @encryption_key), 'AMEX', '06/23', '345 Birch St', 'cust-019'),
(20, AES_ENCRYPT('0123456701234567', @encryption_key), 'Discover', '05/24', '678 Cedar St', 'cust-020'),
(21, AES_ENCRYPT('1234567812345678', @encryption_key), 'VISA', '04/25', '123 Main St', 'cust-021'),
(22, AES_ENCRYPT('2345678923456789', @encryption_key), 'MasterCard', '03/23', '456 Elm St', 'cust-022'),
(23, AES_ENCRYPT('3456789034567890', @encryption_key), 'AMEX', '02/24', '789 Oak St', 'cust-023'),
(24, AES_ENCRYPT('4567890145678901', @encryption_key), 'Discover', '01/25', '321 Birch St', 'cust-024'),
(25, AES_ENCRYPT('5678901256789012', @encryption_key), 'VISA', '12/23', '654 Cedar St', 'cust-025'),
(26, AES_ENCRYPT('6789012367890123', @encryption_key), 'MasterCard', '11/24', '987 Maple St', 'cust-026'),
(27, AES_ENCRYPT('7890123478901234', @encryption_key), 'AMEX', '10/25', '432 Pine St', 'cust-027'),
(28, AES_ENCRYPT('8901234589012345', @encryption_key), 'Discover', '09/23', '876 Oak St', 'cust-028'),
(29, AES_ENCRYPT('9012345690123456', @encryption_key), 'VISA', '08/24', '345 Birch St', 'cust-029'),
(30, AES_ENCRYPT('0123456701234567', @encryption_key), 'MasterCard', '07/25', '678 Cedar St', 'cust-030'),
(31, AES_ENCRYPT('1234567812345678', @encryption_key), 'AMEX', '06/23', '123 Main St', 'cust-031'),
(32, AES_ENCRYPT('2345678923456789', @encryption_key), 'Discover', '05/24', '456 Elm St', 'cust-032'),
(33, AES_ENCRYPT('3456789034567890', @encryption_key), 'VISA', '04/25', '789 Oak St', 'cust-033'),
(34, AES_ENCRYPT('4567890145678901', @encryption_key), 'MasterCard', '03/23', '321 Birch St', 'cust-034'),
(35, AES_ENCRYPT('5678901256789012', @encryption_key), 'AMEX', '02/24', '654 Cedar St', 'cust-035'),
(36, AES_ENCRYPT('6789012367890123', @encryption_key), 'Discover', '01/25', '987 Maple St', 'cust-036'),
(37, AES_ENCRYPT('7890123478901234', @encryption_key), 'VISA', '12/23', '432 Pine St', 'cust-037'),
(38, AES_ENCRYPT('8901234589012345', @encryption_key), 'MasterCard', '11/24', '876 Oak St', 'cust-038'),
(39, AES_ENCRYPT('9012345690123456', @encryption_key), 'AMEX', '10/25', '345 Birch St', 'cust-039'),
(40, AES_ENCRYPT('0123456701234567', @encryption_key), 'Discover', '09/23', '678 Cedar St', 'cust-040'),
(41, AES_ENCRYPT('1234567812345678', @encryption_key), 'VISA', '08/24', '123 Main St', 'cust-041'),
(42, AES_ENCRYPT('2345678923456789', @encryption_key), 'MasterCard', '07/25', '456 Elm St', 'cust-042'),
(43, AES_ENCRYPT('3456789034567890', @encryption_key), 'AMEX', '06/23', '789 Oak St', 'cust-043'),
(44, AES_ENCRYPT('4567890145678901', @encryption_key), 'Discover', '05/24', '321 Birch St', 'cust-044'),
(45, AES_ENCRYPT('5678901256789012', @encryption_key), 'VISA', '04/25', '654 Cedar St', 'cust-045'),
(46, AES_ENCRYPT('6789012367890123', @encryption_key), 'MasterCard', '03/23', '987 Maple St', 'cust-046'),
(47, AES_ENCRYPT('7890123478901234', @encryption_key), 'AMEX', '02/24', '432 Pine St', 'cust-047'),
(48, AES_ENCRYPT('8901234589012345', @encryption_key), 'Discover', '01/25', '876 Oak St', 'cust-048'),
(49, AES_ENCRYPT('9012345690123456', @encryption_key), 'VISA', '12/23', '345 Birch St', 'cust-049'),
(50, AES_ENCRYPT('0123456701234567', @encryption_key), 'MasterCard', '11/24', '678 Cedar St', 'cust-050'),
(51, AES_ENCRYPT('1234567812345678', @encryption_key), 'AMEX', '10/25', '123 Main St', 'cust-051'),
(52, AES_ENCRYPT('2345678923456789', @encryption_key), 'Discover', '09/23', '456 Elm St', 'cust-052'),
(53, AES_ENCRYPT('3456789034567890', @encryption_key), 'VISA', '08/24', '789 Oak St', 'cust-053'),
(54, AES_ENCRYPT('4567890145678901', @encryption_key), 'MasterCard', '07/25', '321 Birch St', 'cust-054'),
(55, AES_ENCRYPT('5678901256789012', @encryption_key), 'AMEX', '06/23', '654 Cedar St', 'cust-055'),
(56, AES_ENCRYPT('6789012367890123', @encryption_key), 'Discover', '05/24', '987 Maple St', 'cust-056'),
(57, AES_ENCRYPT('7890123478901234', @encryption_key), 'VISA', '04/25', '432 Pine St', 'cust-057'),
(58, AES_ENCRYPT('8901234589012345', @encryption_key), 'MasterCard', '03/23', '876 Oak St', 'cust-058'),
(59, AES_ENCRYPT('9012345690123456', @encryption_key), 'AMEX', '02/24', '345 Birch St', 'cust-059'),
(60, AES_ENCRYPT('0123456701234567', @encryption_key), 'Discover', '01/25', '678 Cedar St', 'cust-060'),
(61, AES_ENCRYPT('1234567812345678', @encryption_key), 'VISA', '12/23', '123 Main St', 'cust-061'),
(62, AES_ENCRYPT('2345678923456789', @encryption_key), 'MasterCard', '11/24', '456 Elm St', 'cust-062'),
(63, AES_ENCRYPT('3456789034567890', @encryption_key), 'AMEX', '10/25', '789 Oak St', 'cust-063'),
(64, AES_ENCRYPT('4567890145678901', @encryption_key), 'Discover', '09/23', '321 Birch St', 'cust-064'),
(65, AES_ENCRYPT('5678901256789012', @encryption_key), 'VISA', '08/24', '654 Cedar St', 'cust-065'),
(66, AES_ENCRYPT('6789012367890123', @encryption_key), 'MasterCard', '07/25', '987 Maple St', 'cust-066'),
(67, AES_ENCRYPT('7890123478901234', @encryption_key), 'AMEX', '06/23', '432 Pine St', 'cust-067'),
(68, AES_ENCRYPT('8901234589012345', @encryption_key), 'Discover', '05/24', '876 Oak St', 'cust-068'),
(69, AES_ENCRYPT('9012345690123456', @encryption_key), 'VISA', '04/25', '345 Birch St', 'cust-069'),
(70, AES_ENCRYPT('0123456701234567', @encryption_key), 'MasterCard', '03/23', '678 Cedar St', 'cust-070'),
(71, AES_ENCRYPT('1234567812345678', @encryption_key), 'AMEX', '02/24', '123 Main St', 'cust-071'),
(72, AES_ENCRYPT('2345678923456789', @encryption_key), 'Discover', '01/25', '456 Elm St', 'cust-072'),
(73, AES_ENCRYPT('3456789034567890', @encryption_key), 'VISA', '12/23', '789 Oak St', 'cust-073'),
(74, AES_ENCRYPT('4567890145678901', @encryption_key), 'MasterCard', '11/24', '321 Birch St', 'cust-074'),
(75, AES_ENCRYPT('5678901256789012', @encryption_key), 'AMEX', '10/25', '654 Cedar St', 'cust-075'),
(76, AES_ENCRYPT('6789012367890123', @encryption_key), 'Discover', '09/23', '987 Maple St', 'cust-076'),
(77, AES_ENCRYPT('7890123478901234', @encryption_key), 'VISA', '08/24', '432 Pine St', 'cust-077'),
(78, AES_ENCRYPT('8901234589012345', @encryption_key), 'MasterCard', '07/25', '876 Oak St', 'cust-078'),
(79, AES_ENCRYPT('9012345690123456', @encryption_key), 'AMEX', '06/23', '345 Birch St', 'cust-079'),
(80, AES_ENCRYPT('0123456701234567', @encryption_key), 'Discover', '05/24', '678 Cedar St', 'cust-080'),
(81, AES_ENCRYPT('1234567812345678', @encryption_key), 'VISA', '04/25', '123 Main St', 'cust-081'),
(82, AES_ENCRYPT('2345678923456789', @encryption_key), 'MasterCard', '03/23', '456 Elm St', 'cust-082'),
(83, AES_ENCRYPT('3456789034567890', @encryption_key), 'AMEX', '02/24', '789 Oak St', 'cust-083'),
(84, AES_ENCRYPT('4567890145678901', @encryption_key), 'Discover', '01/25', '321 Birch St', 'cust-084'),
(85, AES_ENCRYPT('5678901256789012', @encryption_key), 'VISA', '12/23', '654 Cedar St', 'cust-085'),
(86, AES_ENCRYPT('6789012367890123', @encryption_key), 'MasterCard', '11/24', '987 Maple St', 'cust-086'),
(87, AES_ENCRYPT('7890123478901234', @encryption_key), 'AMEX', '10/25', '432 Pine St', 'cust-087'),
(88, AES_ENCRYPT('8901234589012345', @encryption_key), 'Discover', '09/23', '876 Oak St', 'cust-088'),
(89, AES_ENCRYPT('9012345690123456', @encryption_key), 'VISA', '08/24', '345 Birch St', 'cust-089'),
(90, AES_ENCRYPT('0123456701234567', @encryption_key), 'MasterCard', '07/25', '678 Cedar St', 'cust-090'),
(91, AES_ENCRYPT('1234567812345678', @encryption_key), 'AMEX', '06/23', '123 Main St', 'cust-091'),
(92, AES_ENCRYPT('2345678923456789', @encryption_key), 'Discover', '05/24', '456 Elm St', 'cust-092'),
(93, AES_ENCRYPT('3456789034567890', @encryption_key), 'VISA', '04/25', '789 Oak St', 'cust-093'),
(94, AES_ENCRYPT('4567890145678901', @encryption_key), 'MasterCard', '03/23', '321 Birch St', 'cust-094'),
(95, AES_ENCRYPT('5678901256789012', @encryption_key), 'AMEX', '02/24', '654 Cedar St', 'cust-095'),
(96, AES_ENCRYPT('6789012367890123', @encryption_key), 'Discover', '01/25', '987 Maple St', 'cust-096'),
(97, AES_ENCRYPT('7890123478901234', @encryption_key), 'VISA', '12/23', '432 Pine St', 'cust-097'),
(98, AES_ENCRYPT('8901234589012345', @encryption_key), 'MasterCard', '11/24', '876 Oak St', 'cust-098'),
(99, AES_ENCRYPT('9012345690123456', @encryption_key), 'AMEX', '10/25', '345 Birch St', 'cus-99'),
(100, AES_ENCRYPT('0123456701234567', @encryption_key), 'Discover', '09/23', '678 Cedar St', 'cust-100'),
(101, AES_ENCRYPT('9988776655443322', @encryption_key), 'Discover', '08/22', '654 Maple St', 'cust-101');

INSERT INTO `amazongo`.`RefundRequest` (`RefundRequestID`, `RequestDate`, `Status`, `TransactionID`) VALUES
(1, '2024-01-01', 'Pending', 1),
(2, '2024-01-02', 'Approved', 2),
(3, '2024-01-03', 'Denied', 3),
(4, '2024-01-04', 'Pending', 4),
(5, '2024-01-05', 'Approved', 5),
(6, '2024-01-06', 'Denied', 6),
(7, '2024-01-07', 'Pending', 7),
(8, '2024-01-08', 'Approved', 8),
(9, '2024-01-09', 'Denied', 9),
(10, '2024-01-10', 'Pending', 10),
(11, '2024-01-11', 'Approved', 11),
(12, '2024-01-12', 'Denied', 12),
(13, '2024-01-13', 'Pending', 13),
(14, '2024-01-14', 'Approved', 14),
(15, '2024-01-15', 'Denied', 15),
(16, '2024-01-16', 'Pending', 16),
(17, '2024-01-17', 'Approved', 17),
(18, '2024-01-18', 'Denied', 18),
(19, '2024-01-19', 'Pending', 19),
(20, '2024-01-20', 'Approved', 20),
(21, '2024-01-21', 'Denied', 21),
(22, '2024-01-22', 'Pending', 22),
(23, '2024-01-23', 'Approved', 23),
(24, '2024-01-24', 'Denied', 24),
(25, '2024-01-25', 'Pending', 25),
(26, '2024-01-26', 'Approved', 26),
(27, '2024-01-27', 'Denied', 27),
(28, '2024-01-28', 'Pending', 28),
(29, '2024-01-29', 'Approved', 29),
(30, '2024-01-30', 'Denied', 30),
(31, '2024-01-31', 'Pending', 31),
(32, '2024-02-01', 'Approved', 32),
(33, '2024-02-02', 'Denied', 33),
(34, '2024-02-03', 'Pending', 34),
(35, '2024-02-04', 'Approved', 35),
(36, '2024-02-05', 'Denied', 36),
(37, '2024-02-06', 'Pending', 37),
(38, '2024-02-07', 'Approved', 38),
(39, '2024-02-08', 'Denied', 39),
(40, '2024-02-09', 'Pending', 40),
(41, '2024-02-10', 'Approved', 41),
(42, '2024-02-11', 'Denied', 42),
(43, '2024-02-12', 'Pending', 43),
(44, '2024-02-13', 'Approved', 44),
(45, '2024-02-14', 'Denied', 45),
(46, '2024-02-15', 'Pending', 46),
(47, '2024-02-16', 'Approved', 47),
(48, '2024-02-17', 'Denied', 48),
(49, '2024-02-18', 'Pending', 49),
(50, '2024-02-19', 'Approved', 50);

INSERT INTO `amazongo`.`Employees` (`EmployeeID`, `Role`, `Name`, `Email`, `PhoneNumber`, `StoreID`) VALUES
(1, 'Manager', 'John Doe', 'johndoe@example.com', '123-456-7890', 1),
(2, 'Cashier', 'Jane Smith', 'janesmith@example.com', '123-456-7891', 2),
(3, 'Stock Clerk', 'Mike Johnson', 'mikejohnson@example.com', '123-456-7892', 3),
(4, 'Security', 'Emily Davis', 'emilydavis@example.com', '123-456-7893', 4),
(5, 'Manager', 'Chris Brown', 'chrisbrown@example.com', '123-456-7894', 5),
(6, 'Cashier', 'Patricia Miller', 'patriciamiller@example.com', '123-456-7895', 6),
(7, 'Stock Clerk', 'Robert Wilson', 'robertwilson@example.com', '123-456-7896', 7),
(8, 'Security', 'Linda Moore', 'lindamoore@example.com', '123-456-7897', 8),
(9, 'Manager', 'James Taylor', 'jamestaylor@example.com', '123-456-7898', 9),
(10, 'Cashier', 'Barbara Anderson', 'barbaraanderson@example.com', '123-456-7899', 10),
(11, 'Stock Clerk', 'Paul Thomas', 'paulthomas@example.com', '123-456-7800', 11),
(12, 'Security', 'Nancy Jackson', 'nancyjackson@example.com', '123-456-7801', 12),
(13, 'Manager', 'Kevin White', 'kevinwhite@example.com', '123-456-7802', 13),
(14, 'Cashier', 'Karen Harris', 'karenharris@example.com', '123-456-7803', 14),
(15, 'Stock Clerk', 'Steven Martin', 'stevenmartin@example.com', '123-456-7804', 15),
(16, 'Security', 'Sarah Thompson', 'sarahthompson@example.com', '123-456-7805', 16),
(17, 'Manager', 'George Garcia', 'georgegarcia@example.com', '123-456-7806', 17),
(18, 'Cashier', 'Betty Martinez', 'bettymartinez@example.com', '123-456-7807', 18),
(19, 'Stock Clerk', 'Daniel Robinson', 'danielrobinson@example.com', '123-456-7808', 19),
(20, 'Security', 'Donna Clark', 'donnaclark@example.com', '123-456-7809', 20),
(21, 'Manager', 'Brian Rodriguez', 'brianrodriguez@example.com', '123-456-7810', 21),
(22, 'Cashier', 'Laura Lewis', 'lauralewis@example.com', '123-456-7811', 22),
(23, 'Stock Clerk', 'Scott Lee', 'scottlee@example.com', '123-456-7812', 23),
(24, 'Security', 'Melissa Walker', 'melissawalker@example.com', '123-456-7813', 24),
(25, 'Manager', 'Jason Hall', 'jasonhall@example.com', '123-456-7814', 25),
(26, 'Cashier', 'Rebecca Allen', 'rebeccaallen@example.com', '123-456-7815', 26),
(27, 'Stock Clerk', 'Justin Young', 'justinyoung@example.com', '123-456-7816', 27),
(28, 'Security', 'Jessica King', 'jessicaking@example.com', '123-456-7817', 28),
(29, 'Manager', 'Matthew Wright', 'matthewwright@example.com', '123-456-7818', 29),
(30, 'Cashier', 'Helen Scott', 'helenscott@example.com', '123-456-7819', 30),
(31, 'Stock Clerk', 'Joshua Green', 'joshuagreen@example.com', '123-456-7820', 31),
(32, 'Security', 'Margaret Adams', 'margaretadams@example.com', '123-456-7821', 32),
(33, 'Manager', 'Andrew Baker', 'andrewbaker@example.com', '123-456-7822', 33),
(34, 'Cashier', 'Dorothy Gonzalez', 'dorothygonzalez@example.com', '123-456-7823', 34),
(35, 'Stock Clerk', 'Frank Nelson', 'franknelson@example.com', '123-456-7824', 35),
(36, 'Security', 'Diane Carter', 'dianecarter@example.com', '123-456-7825', 36),
(37, 'Manager', 'Patrick Mitchell', 'patrickmitchell@example.com', '123-456-7826', 37),
(38, 'Cashier', 'Cynthia Perez', 'cynthiaperez@example.com', '123-456-7827', 38),
(39, 'Stock Clerk', 'Gregory Roberts', 'gregoryroberts@example.com', '123-456-7828', 39),
(40, 'Security', 'Shirley Turner', 'shirleyturner@example.com', '123-456-7829', 40),
(41, 'Manager', 'Edward Phillips', 'edwardphillips@example.com', '123-456-7830', 41),
(42, 'Cashier', 'Angela Campbell', 'angelacampbell@example.com', '123-456-7831', 42),
(43, 'Stock Clerk', 'Stephen Parker', 'stephenparker@example.com', '123-456-7832', 43),
(44, 'Security', 'Sandra Evans', 'sandraevans@example.com', '123-456-7833', 44),
(45, 'Manager', 'Larry Edwards', 'larryedwards@example.com', '123-456-7834', 45),
(46, 'Cashier', 'Brenda Collins', 'brendacollins@example.com', '123-456-7835', 46),
(47, 'Stock Clerk', 'Jeffrey Stewart', 'jeffreystewart@example.com', '123-456-7836', 47),
(48, 'Security', 'Debra Sanchez', 'debrasanchez@example.com', '123-456-7837', 48),
(49, 'Manager', 'Eric Morris', 'ericmorris@example.com', '123-456-7838', 49),
(50, 'Cashier', 'Pamela Rogers', 'pamelarogers@example.com', '123-456-7839', 50),
(51, 'Stock Clerk', 'Ryan Reed', 'ryanreed@example.com', '123-456-7840', 51),
(52, 'Security', 'Katherine Cook', 'katherinecook@example.com', '123-456-7841', 52),
(53, 'Manager', 'Nicholas Morgan', 'nicholasmorgan@example.com', '123-456-7842', 53),
(54, 'Cashier', 'Carol Bell', 'carolbell@example.com', '123-456-7843', 54),
(55, 'Stock Clerk', 'Jonathan Murphy', 'jonathanmurphy@example.com', '123-456-7844', 55),
(56, 'Security', 'Janet Bailey', 'janetbailey@example.com', '123-456-7845', 56),
(57, 'Manager', 'Jacob Rivera', 'jacobrivera@example.com', '123-456-7846', 57),
(58, 'Cashier', 'Rebecca Cooper', 'rebeccacooper@example.com', '123-456-7847', 58),
(59, 'Stock Clerk', 'Jerry Richardson', 'jerryrichardson@example.com', '123-456-7848', 59),
(60, 'Security', 'Maria Cox', 'mariacox@example.com', '123-456-7849', 60),
(61, 'Manager', 'Gary Howard', 'garyhoward@example.com', '123-456-7850', 61),
(62, 'Cashier', 'Helen Ward', 'helenward@example.com', '123-456-7851', 62),
(63, 'Stock Clerk', 'Dennis Torres', 'dennistorres@example.com', '123-456-7852', 63),
(64, 'Security', 'Ruth Peterson', 'ruthpeterson@example.com', '123-456-7853', 64),
(65, 'Manager', 'Frank Gray', 'frankgray@example.com', '123-456-7854', 65),
(66, 'Cashier', 'Donna Ramirez', 'donnaramirez@example.com', '123-456-7855', 66),
(67, 'Stock Clerk', 'Joshua James', 'joshuajames@example.com', '123-456-7856', 67),
(68, 'Security', 'Sharon Watson', 'sharonwatson@example.com', '123-456-7857', 68),
(69, 'Manager', 'Raymond Brooks', 'raymondbrooks@example.com', '123-456-7858', 69),
(70, 'Cashier', 'Michelle Kelly', 'michellekelly@example.com', '123-456-7859', 70),
(71, 'Stock Clerk', 'Bruce Sanders', 'brucesanders@example.com', '123-456-7860', 71),
(72, 'Security', 'Virginia Price', 'virginiaprice@example.com', '123-456-7861', 72),
(73, 'Manager', 'Randy Bennett', 'randybennett@example.com', '123-456-7862', 73),
(74, 'Cashier', 'Kathleen Wood', 'kathleenwood@example.com', '123-456-7863', 74),
(75, 'Stock Clerk', 'Jeremy Barnes', 'jeremybarnes@example.com', '123-456-7864', 75),
(76, 'Security', 'Amy Ross', 'amyross@example.com', '123-456-7865', 76),
(77, 'Manager', 'Wayne Henderson', 'waynehenderson@example.com', '123-456-7866', 77),
(78, 'Cashier', 'Stephanie Coleman', 'stephaniecoleman@example.com', '123-456-7867', 78),
(79, 'Stock Clerk', 'Beverly Jenkins', 'beverlyjenkins@example.com', '123-456-7868', 79),
(80, 'Security', 'Jordan Perry', 'jordanperry@example.com', '123-456-7869', 80),
(81, 'Manager', 'Carl Powell', 'carlpowell@example.com', '123-456-7870', 81),
(82, 'Cashier', 'Theresa Long', 'theresalong@example.com', '123-456-7871', 82),
(83, 'Stock Clerk', 'Harold Patterson', 'haroldpatterson@example.com', '123-456-7872', 83),
(84, 'Security', 'Gloria Hughes', 'gloriahughes@example.com', '123-456-7873', 84),
(85, 'Manager', 'Douglas Flores', 'douglasflores@example.com', '123-456-7874', 85),
(86, 'Cashier', 'Christine Washington', 'christinewashington@example.com', '123-456-7875', 86),
(87, 'Stock Clerk', 'Bryan Butler', 'bryanbutler@example.com', '123-456-7876', 87),
(88, 'Security', 'Alice Simmons', 'alicesimmons@example.com', '123-456-7877', 88),
(89, 'Manager', 'Jose Foster', 'josefoster@example.com', '123-456-7878', 89),
(90, 'Cashier', 'Janice Gonzales', 'janicegonzales@example.com', '123-456-7879', 90),
(91, 'Stock Clerk', 'Peter Bryant', 'peterbryant@example.com', '123-456-7880', 91),
(92, 'Security', 'Lori Alexander', 'lorialexander@example.com', '123-456-7881', 92),
(93, 'Manager', 'Jesse Russell', 'jesserussell@example.com', '123-456-7882', 93),
(94, 'Cashier', 'Megan Griffin', 'megangriffin@example.com', '123-456-7883', 94),
(95, 'Stock Clerk', 'Aaron Diaz', 'aarondiaz@example.com', '123-456-7884', 95),
(96, 'Security', 'Annie Hayes', 'anniehayes@example.com', '123-456-7885', 96),
(97, 'Manager', 'Evelyn Stephens', 'evelynstephens@example.com', '123-456-7886', 97),
(98, 'Cashier', 'Shawn Ward', 'shawnward@example.com', '123-456-7887', 98),
(99, 'Stock Clerk', 'Dennis Reed', 'dennisreed@example.com', '123-456-7888', 99),
(100, 'Security', 'Jessica Jenkins', 'jessicajenkins@example.com', '123-456-7889', 100);

INSERT INTO `amazongo`.`RefundResolution` (`RefundResolutionID`, `ResolutionDate`, `RefundRequestID`, `EmployeeID`) VALUES
(1, '2024-01-01', 1, 1),
(2, '2024-01-02', 2, 2),
(3, '2024-01-03', 3, 3),
(4, '2024-01-04', 4, 4),
(5, '2024-01-05', 5, 5),
(6, '2024-01-06', 6, 6),
(7, '2024-01-07', 7, 7),
(8, '2024-01-08', 8, 8),
(9, '2024-01-09', 9, 9),
(10, '2024-01-10', 10, 10),
(11, '2024-01-11', 11, 11),
(12, '2024-01-12', 12, 12),
(13, '2024-01-13', 13, 13),
(14, '2024-01-14', 14, 14),
(15, '2024-01-15', 15, 15),
(16, '2024-01-16', 16, 16),
(17, '2024-01-17', 17, 17),
(18, '2024-01-18', 18, 18),
(19, '2024-01-19', 19, 19),
(20, '2024-01-20', 20, 20),
(21, '2024-01-21', 21, 21),
(22, '2024-01-22', 22, 22),
(23, '2024-01-23', 23, 23),
(24, '2024-01-24', 24, 24),
(25, '2024-01-25', 25, 25),
(26, '2024-01-26', 26, 26),
(27, '2024-01-27', 27, 27),
(28, '2024-01-28', 28, 28),
(29, '2024-01-29', 29, 29),
(30, '2024-01-30', 30, 30),
(31, '2024-01-31', 31, 31),
(32, '2024-02-01', 32, 32),
(33, '2024-02-02', 33, 33),
(34, '2024-02-03', 34, 34),
(35, '2024-02-04', 35, 35),
(36, '2024-02-05', 36, 36),
(37, '2024-02-06', 37, 37),
(38, '2024-02-07', 38, 38),
(39, '2024-02-08', 39, 39),
(40, '2024-02-09', 40, 40),
(41, '2024-02-10', 41, 41),
(42, '2024-02-11', 42, 42),
(43, '2024-02-12', 43, 43),
(44, '2024-02-13', 44, 44),
(45, '2024-02-14', 45, 45),
(46, '2024-02-15', 46, 46),
(47, '2024-02-16', 47, 47),
(48, '2024-02-17', 48, 48),
(49, '2024-02-18', 49, 49),
(50, '2024-02-19', 50, 50);

INSERT INTO `amazongo`.`FeedbackResponse` (`FeedbackResponseID`, `ResponseNotes`, `FeedbackLogID`, `EmployeeID`) VALUES
(1, 'Thank you for your feedback', 1, 1),
(2, 'We appreciate your input', 2, 1),
(3, 'Your feedback has been noted', 3, 2),
(4, 'Thank you for your comment', 4, 2),
(5, 'We will look into this', 5, 3),
(6, 'Your suggestion is valuable', 6, 3),
(7, 'Thanks for letting us know', 7, 4),
(8, 'We are working on it', 8, 4),
(9, 'Your feedback is important', 9, 5),
(10, 'Thank you for your feedback', 10, 5),
(11, 'We appreciate your input', 11, 6),
(12, 'Your feedback has been noted', 12, 6),
(13, 'Thank you for your comment', 13, 7),
(14, 'We will look into this', 14, 7),
(15, 'Your suggestion is valuable', 15, 8),
(16, 'Thanks for letting us know', 16, 8),
(17, 'We are working on it', 17, 9),
(18, 'Your feedback is important', 18, 9),
(19, 'Thank you for your feedback', 19, 10),
(20, 'We appreciate your input', 20, 10),
(21, 'Your feedback has been noted', 21, 11),
(22, 'Thank you for your comment', 22, 11),
(23, 'We will look into this', 23, 12),
(24, 'Your suggestion is valuable', 24, 12),
(25, 'Thanks for letting us know', 25, 13),
(26, 'We are working on it', 26, 13),
(27, 'Your feedback is important', 27, 14),
(28, 'Thank you for your feedback', 28, 14),
(29, 'We appreciate your input', 29, 15),
(30, 'Your feedback has been noted', 30, 15),
(31, 'Thank you for your comment', 31, 16),
(32, 'We will look into this', 32, 16),
(33, 'Your suggestion is valuable', 33, 17),
(34, 'Thanks for letting us know', 34, 17),
(35, 'We are working on it', 35, 18),
(36, 'Your feedback is important', 36, 18),
(37, 'Thank you for your feedback', 37, 19),
(38, 'We appreciate your input', 38, 19),
(39, 'Your feedback has been noted', 39, 20),
(40, 'Thank you for your comment', 40, 20),
(41, 'We will look into this', 41, 21),
(42, 'Your suggestion is valuable', 42, 21),
(43, 'Thanks for letting us know', 43, 22),
(44, 'We are working on it', 44, 22),
(45, 'Your feedback is important', 45, 23),
(46, 'Thank you for your feedback', 46, 23),
(47, 'We appreciate your input', 47, 24),
(48, 'Your feedback has been noted', 48, 24),
(49, 'Thank you for your comment', 49, 25),
(50, 'We will look into this', 50, 25);

INSERT INTO `amazongo`.`Suppliers` (`SupplierID`, `SupplierName`, `ItemID`) VALUES
(1, 'Acme Supplies', 1),
(2, 'Global Goods', 2),
(3, 'Fresh Farm', 3),
(4, 'Tech Solutions', 4),
(5, 'Health Mart', 5),
(6, 'Eco Products', 6),
(7, 'Urban Essentials', 7),
(8, 'Oceanic Traders', 8),
(9, 'Green Valley', 9),
(10, 'Sunrise Supplies', 10),
(11, 'Innovative Imports', 11),
(12, 'Prime Distributors', 12),
(13, 'Harmony Wholesale', 13),
(14, 'Golden Harvest', 14),
(15, 'Metro Merchants', 15),
(16, 'Blue Sky', 16),
(17, 'Epic Essentials', 17),
(18, 'Alpha Supply Co.', 18),
(19, 'Quantum Goods', 19),
(20, 'Dynamic Deals', 20),
(21, 'Peak Performance', 21),
(22, 'Stellar Supplies', 22),
(23, 'Provisions Plus', 23),
(24, 'Elite Distributors', 24),
(25, 'Supreme Supplies', 25),
(26, 'Valley Ventures', 26),
(27, 'Fusion Foods', 27),
(28, 'Radiant Retailers', 28),
(29, 'Zenith Supplies', 29),
(30, 'Eco-Friendly Goods', 30),
(31, 'Modern Merchants', 31),
(32, 'Velocity Ventures', 32),
(33, 'Unity Wholesale', 33),
(34, 'Pinnacle Products', 34),
(35, 'Horizon Holdings', 35),
(36, 'Vital Ventures', 36),
(37, 'Synergy Suppliers', 37),
(38, 'Choice Goods', 38),
(39, 'Omega Imports', 39),
(40, 'Summit Supplies', 40),
(41, 'Legacy Traders', 41),
(42, 'Visionary Ventures', 42),
(43, 'Innovative Essentials', 43),
(44, 'Generous Goods', 44),
(45, 'Titan Traders', 45),
(46, 'Essential Elements', 46),
(47, 'Premier Providers', 47),
(48, 'Dynamic Distributors', 48),
(49, 'Gold Standard', 49),
(50, 'Nurture Nature', 50),
(51, 'Urban Goods', 51),
(52, 'Harvest Home', 52),
(53, 'Epic Essentials', 53),
(54, 'Vital Ventures', 54),
(55, 'Choice Imports', 55),
(56, 'Summit Traders', 56),
(57, 'Premier Providers', 57),
(58, 'Fusion Foods', 58),
(59, 'Dynamic Deals', 59),
(60, 'Sunrise Supplies', 60),
(61, 'Quantum Goods', 61),
(62, 'Oceanic Traders', 62),
(63, 'Global Goods', 63),
(64, 'Green Valley', 64),
(65, 'Provisions Plus', 65),
(66, 'Supreme Supplies', 66),
(67, 'Innovative Imports', 67),
(68, 'Radiant Retailers', 68),
(69, 'Zenith Supplies', 69),
(70, 'Eco-Friendly Goods', 70),
(71, 'Modern Merchants', 71),
(72, 'Velocity Ventures', 72),
(73, 'Unity Wholesale', 73),
(74, 'Pinnacle Products', 74),
(75, 'Horizon Holdings', 75),
(76, 'Synergy Suppliers', 76),
(77, 'Omega Imports', 77),
(78, 'Vital Ventures', 78),
(79, 'Summit Supplies', 79),
(80, 'Legacy Traders', 80),
(81, 'Visionary Ventures', 81),
(82, 'Harmony Wholesale', 82),
(83, 'Choice Goods', 83),
(84, 'Epic Essentials', 84),
(85, 'Alpha Supply Co.', 85),
(86, 'Quantum Goods', 86),
(87, 'Dynamic Deals', 87),
(88, 'Peak Performance', 88),
(89, 'Stellar Supplies', 89),
(90, 'Provisions Plus', 90),
(91, 'Elite Distributors', 91),
(92, 'Supreme Supplies', 92),
(93, 'Valley Ventures', 93),
(94, 'Fusion Foods', 94),
(95, 'Radiant Retailers', 95),
(96, 'Zenith Supplies', 96),
(97, 'Eco-Friendly Goods', 97),
(98, 'Modern Merchants', 98),
(99, 'Velocity Ventures', 99),
(100, 'Unity Wholesale', 100);

INSERT INTO `amazongo`.`Inventory` (`InventoryID`, `StockLevel`, `LastUpdated`, `ItemID`, `StoreID`) VALUES
(1, '50', '2023-01-01', 1, 1),
(2, '40', '2023-01-02', 2, 2),
(3, '30', '2023-01-03', 3, 3),
(4, '20', '2023-01-04', 4, 4),
(5, '10', '2023-01-05', 5, 5),
(6, '60', '2023-01-06', 6, 6),
(7, '70', '2023-01-07', 7, 7),
(8, '80', '2023-01-08', 8, 8),
(9, '90', '2023-01-09', 9, 9),
(10, '100', '2023-01-10', 10, 10),
(11, '55', '2023-01-11', 11, 1),
(12, '45', '2023-01-12', 12, 2),
(13, '35', '2023-01-13', 13, 3),
(14, '25', '2023-01-14', 14, 4),
(15, '15', '2023-01-15', 15, 5),
(16, '65', '2023-01-16', 16, 6),
(17, '75', '2023-01-17', 17, 7),
(18, '85', '2023-01-18', 18, 8),
(19, '95', '2023-01-19', 19, 9),
(20, '105', '2023-01-20', 20, 10),
(21, '50', '2023-01-21', 21, 1),
(22, '40', '2023-01-22', 22, 2),
(23, '30', '2023-01-23', 23, 3),
(24, '20', '2023-01-24', 24, 4),
(25, '10', '2023-01-25', 25, 5),
(26, '60', '2023-01-26', 26, 6),
(27, '70', '2023-01-27', 27, 7),
(28, '80', '2023-01-28', 28, 8),
(29, '90', '2023-01-29', 29, 9),
(30, '100', '2023-01-30', 30, 10),
(31, '55', '2023-01-31', 31, 1),
(32, '45', '2023-02-01', 32, 2),
(33, '35', '2023-02-02', 33, 3),
(34, '25', '2023-02-03', 34, 4),
(35, '15', '2023-02-04', 35, 5),
(36, '65', '2023-02-05', 36, 6),
(37, '75', '2023-02-06', 37, 7),
(38, '85', '2023-02-07', 38, 8),
(39, '95', '2023-02-08', 39, 9),
(40, '105', '2023-02-09', 40, 10),
(41, '50', '2023-02-10', 41, 1),
(42, '40', '2023-02-11', 42, 2),
(43, '30', '2023-02-12', 43, 3),
(44, '20', '2023-02-13', 44, 4),
(45, '10', '2023-02-14', 45, 5),
(46, '60', '2023-02-15', 46, 6),
(47, '70', '2023-02-16', 47, 7),
(48, '80', '2023-02-17', 48, 8),
(49, '90', '2023-02-18', 49, 9),
(50, '100', '2023-02-19', 50, 10),
(51, '55', '2023-02-20', 51, 1),
(52, '45', '2023-02-21', 52, 2),
(53, '35', '2023-02-22', 53, 3),
(54, '25', '2023-02-23', 54, 4),
(55, '15', '2023-02-24', 55, 5),
(56, '65', '2023-02-25', 56, 6),
(57, '75', '2023-02-26', 57, 7),
(58, '85', '2023-02-27', 58, 8),
(59, '95', '2023-02-28', 59, 9),
(60, '105', '2023-03-01', 60, 10),
(61, '50', '2023-03-02', 61, 1),
(62, '40', '2023-03-03', 62, 2),
(63, '30', '2023-03-04', 63, 3),
(64, '20', '2023-03-05', 64, 4),
(65, '10', '2023-03-06', 65, 5),
(66, '60', '2023-03-07', 66, 6),
(67, '70', '2023-03-08', 67, 7),
(68, '80', '2023-03-09', 68, 8),
(69, '90', '2023-03-10', 69, 9),
(70, '100', '2023-03-11', 70, 10),
(71, '55', '2023-03-12', 71, 1),
(72, '45', '2023-03-13', 72, 2),
(73, '35', '2023-03-14', 73, 3),
(74, '25', '2023-03-15', 74, 4),
(75, '15', '2023-03-16', 75, 5),
(76, '65', '2023-03-17', 76, 6),
(77, '75', '2023-03-18', 77, 7),
(78, '85', '2023-03-19', 78, 8),
(79, '95', '2023-03-20', 79, 9),
(80, '105', '2023-03-21', 80, 10),
(81, '50', '2023-03-22', 81, 1),
(82, '40', '2023-03-23', 82, 2),
(83, '30', '2023-03-24', 83, 3),
(84, '20', '2023-03-25', 84, 4),
(85, '10', '2023-03-26', 85, 5),
(86, '60', '2023-03-27', 86, 6),
(87, '70', '2023-03-28', 87, 7),
(88, '80', '2023-03-29', 88, 8),
(89, '90', '2023-03-30', 89, 9),
(90, '100', '2023-03-31', 90, 10),
(91, '55', '2023-04-01', 91, 1),
(92, '45', '2023-04-02', 92, 2),
(93, '35', '2023-04-03', 93, 3),
(94, '25', '2023-04-04', 94, 4),
(95, '15', '2023-04-05', 95, 5),
(96, '65', '2023-04-06', 96, 6),
(97, '75', '2023-04-07', 97, 7),
(98, '85', '2023-04-08', 98, 8),
(99, '95', '2023-04-09', 99, 9),
(100, '105', '2023-04-10', 100, 10),
(101, '50', '2023-04-11', 101, 1),
(102, '40', '2023-04-12', 102, 2),
(103, '30', '2023-04-13', 103, 3),
(104, '20', '2023-04-14', 104, 4),
(105, '10', '2023-04-15', 105, 5),
(106, '60', '2023-04-16', 106, 6),
(107, '70', '2023-04-17', 107, 7),
(108, '80', '2023-04-18', 108, 8),
(109, '90', '2023-04-19', 109, 9),
(110, '100', '2023-04-20', 110, 10),
(111, '55', '2023-04-21', 111, 1),
(112, '45', '2023-04-22', 112, 2),
(113, '35', '2023-04-23', 113, 3),
(114, '25', '2023-04-24', 114, 4),
(115, '15', '2023-04-25', 115, 5),
(116, '65', '2023-04-26', 116, 6),
(117, '75', '2023-04-27', 117, 7),
(118, '85', '2023-04-28', 118, 8),
(119, '95', '2023-04-29', 119, 9),
(120, '105', '2023-04-30', 120, 10),
(121, '50', '2023-05-01', 121, 1),
(122, '40', '2023-05-02', 122, 2),
(123, '30', '2023-05-03', 123, 3),
(124, '20', '2023-05-04', 124, 4),
(125, '10', '2023-05-05', 125, 5),
(126, '60', '2023-05-06', 126, 6),
(127, '70', '2023-05-07', 127, 7),
(128, '80', '2023-05-08', 128, 8),
(129, '90', '2023-05-09', 129, 9),
(130, '100', '2023-05-10', 130, 10),
(131, '55', '2023-05-11', 131, 1),
(132, '45', '2023-05-12', 132, 2),
(133, '35', '2023-05-13', 133, 3),
(134, '25', '2023-05-14', 134, 4),
(135, '15', '2023-05-15', 135, 5),
(136, '65', '2023-05-16', 136, 6),
(137, '75', '2023-05-17', 137, 7),
(138, '85', '2023-05-18', 138, 8),
(139, '95', '2023-05-19', 139, 9),
(140, '105', '2023-05-20', 140, 10),
(141, '50', '2023-05-21', 141, 1),
(142, '40', '2023-05-22', 142, 2),
(143, '30', '2023-05-23', 143, 3),
(144, '20', '2023-05-24', 144, 4),
(145, '10', '2023-05-25', 145, 5),
(146, '60', '2023-05-26', 146, 6),
(147, '70', '2023-05-27', 147, 7),
(148, '80', '2023-05-28', 148, 8),
(149, '90', '2023-05-29', 149, 9),
(150, '100', '2023-05-30', 150, 10),
(151, '55', '2023-05-31', 151, 1),
(152, '45', '2023-06-01', 152, 2),
(153, '35', '2023-06-02', 153, 3),
(154, '25', '2023-06-03', 154, 4),
(155, '15', '2023-06-04', 155, 5),
(156, '65', '2023-06-05', 156, 6),
(157, '75', '2023-06-06', 157, 7),
(158, '85', '2023-06-07', 158, 8),
(159, '95', '2023-06-08', 159, 9),
(160, '105', '2023-06-09', 160, 10),
(161, '50', '2023-06-10', 161, 1),
(162, '40', '2023-06-11', 162, 2),
(163, '30', '2023-06-12', 163, 3),
(164, '20', '2023-06-13', 164, 4),
(165, '10', '2023-06-14', 165, 5),
(166, '60', '2023-06-15', 166, 6),
(167, '70', '2023-06-16', 167, 7),
(168, '80', '2023-06-17', 168, 8),
(169, '90', '2023-06-18', 169, 9),
(170, '100', '2023-06-19', 170, 10),
(171, '55', '2023-06-20', 171, 1),
(172, '45', '2023-06-21', 172, 2),
(173, '35', '2023-06-22', 173, 3),
(174, '25', '2023-06-23', 174, 4),
(175, '15', '2023-06-24', 175, 5),
(176, '65', '2023-06-25', 176, 6),
(177, '75', '2023-06-26', 177, 7),
(178, '85', '2023-06-27', 178, 8),
(179, '95', '2023-06-28', 179, 9),
(180, '105', '2023-06-29', 180, 10),
(181, '50', '2023-06-30', 181, 1),
(182, '40', '2023-07-01', 182, 2),
(183, '30', '2023-07-02', 183, 3),
(184, '20', '2023-07-03', 184, 4),
(185, '10', '2023-07-04', 185, 5),
(186, '60', '2023-07-05', 186, 6),
(187, '70', '2023-07-06', 187, 7),
(188, '80', '2023-07-07', 188, 8),
(189, '90', '2023-07-08', 189, 9),
(190, '100', '2023-07-09', 190, 10),
(191, '55', '2023-07-10', 191, 1),
(192, '45', '2023-07-11', 192, 2),
(193, '35', '2023-07-12', 193, 3),
(194, '25', '2023-07-13', 194, 4),
(195, '15', '2023-07-14', 195, 5),
(196, '65', '2023-07-15', 196, 6),
(197, '75', '2023-07-16', 197, 7),
(198, '85', '2023-07-17', 198, 8),
(199, '95', '2023-07-18', 199, 9),
(200, '105', '2023-07-19', 200, 10),
(201, '50', '2023-07-20', 201, 1),
(202, 10, '2024-01-02', 202, 2),
(203, 15, '2024-01-03', 203, 3),
(204, 20, '2024-01-04', 204, 4),
(205, 25, '2024-01-05', 205, 5),
(206, 30, '2024-01-06', 206, 6),
(207, 35, '2024-01-07', 207, 7),
(208, 40, '2024-01-08', 208, 8),
(209, 45, '2024-01-09', 209, 9),
(210, 50, '2024-01-10', 210, 10),
(211, 55, '2024-01-11', 211, 11),
(212, 60, '2024-01-12', 212, 12),
(213, 65, '2024-01-13', 213, 13),
(214, 70, '2024-01-14', 214, 14),
(215, 75, '2024-01-15', 215, 15),
(216, 80, '2024-01-16', 216, 16),
(217, 85, '2024-01-17', 217, 17),
(218, 90, '2024-01-18', 218, 18),
(219, 95, '2024-01-19', 219, 19),
(220, 100, '2024-01-20', 220, 20),
(221, 105, '2024-01-21', 221, 21),
(222, 110, '2024-01-22', 222, 22),
(223, 115, '2024-01-23', 223, 23),
(224, 120, '2024-01-24', 224, 24),
(225, 125, '2024-01-25', 225, 25),
(226, 130, '2024-01-26', 226, 26),
(227, 135, '2024-01-27', 227, 27),
(228, 140, '2024-01-28', 228, 28),
(229, 145, '2024-01-29', 229, 29),
(230, 150, '2024-01-30', 230, 30),
(231, 155, '2024-01-31', 231, 31),
(232, 160, '2024-02-01', 232, 32),
(233, 165, '2024-02-02', 233, 33),
(234, 170, '2024-02-03', 234, 34),
(235, 175, '2024-02-04', 235, 35),
(236, 180, '2024-02-05', 236, 36),
(237, 185, '2024-02-06', 237, 37),
(238, 190, '2024-02-07', 238, 38),
(239, 195, '2024-02-08', 239, 39),
(240, 200, '2024-02-09', 240, 40),
(241, 205, '2024-02-10', 241, 41),
(242, 210, '2024-02-11', 242, 42),
(243, 215, '2024-02-12', 243, 43),
(244, 220, '2024-02-13', 244, 44),
(245, 225, '2024-02-14', 245, 45),
(246, 230, '2024-02-15', 246, 46),
(247, 235, '2024-02-16', 247, 47),
(248, 240, '2024-02-17', 248, 48),
(249, 245, '2024-02-18', 249, 49),
(250, 250, '2024-02-19', 250, 50),
(251, 255, '2024-02-20', 251, 51),
(252, 260, '2024-02-21', 252, 52),
(253, 265, '2024-02-22', 253, 53),
(254, 270, '2024-02-23', 254, 54),
(255, 275, '2024-02-24', 255, 55),
(256, 280, '2024-02-25', 256, 56),
(257, 285, '2024-02-26', 257, 57),
(258, 290, '2024-02-27', 258, 58),
(259, 295, '2024-02-28', 259, 59),
(260, 300, '2024-02-29', 260, 60),
(261, 305, '2024-03-01', 261, 61),
(262, 310, '2024-03-02', 262, 62),
(263, 315, '2024-03-03', 263, 63),
(264, 320, '2024-03-04', 264, 64),
(265, 325, '2024-03-05', 265, 65),
(266, 330, '2024-03-06', 266, 66),
(267, 335, '2024-03-07', 267, 67),
(268, 340, '2024-03-08', 268, 68),
(269, 345, '2024-03-09', 269, 69),
(270, 350, '2024-03-10', 270, 70),
(271, 355, '2024-03-11', 271, 71),
(272, 360, '2024-03-12', 272, 72),
(273, 365, '2024-03-13', 273, 73),
(274, 370, '2024-03-14', 274, 74),
(275, 375, '2024-03-15', 275, 75),
(276, 380, '2024-03-16', 276, 76),
(277, 385, '2024-03-17', 277, 77),
(278, 390, '2024-03-18', 278, 78),
(279, 395, '2024-03-19', 279, 79),
(280, 400, '2024-03-20', 280, 80),
(281, 405, '2024-03-21', 281, 81),
(282, 410, '2024-03-22', 282, 82),
(283, 415, '2024-03-23', 283, 83),
(284, 420, '2024-03-24', 284, 84),
(285, 425, '2024-03-25', 285, 85),
(286, 430, '2024-03-26', 286, 86),
(287, 435, '2024-03-27', 287, 87),
(288, 440, '2024-03-28', 288, 88),
(289, 445, '2024-03-29', 289, 89),
(290, 450, '2024-03-30', 290, 90),
(291, 455, '2024-03-31', 291, 91),
(292, 460, '2024-04-01', 292, 92),
(293, 465, '2024-04-02', 293, 93),
(294, 470, '2024-04-03', 294, 94),
(295, 475, '2024-04-04', 295, 95),
(296, 480, '2024-04-05', 296, 96),
(297, 485, '2024-04-06', 297, 97),
(298, 490, '2024-04-07', 298, 98),
(299, 495, '2024-04-08', 299, 99),
(300, 500, '2024-04-09', 300, 100),
(301, 505, '2024-04-10', 301, 101),
(302, 510, '2024-04-11', 302, 102),
(303, 515, '2024-04-12', 303, 103),
(304, 520, '2024-04-13', 304, 104),
(305, 525, '2024-04-14', 305, 105),
(306, 530, '2024-04-15', 306, 106),
(307, 535, '2024-04-16', 307, 107),
(308, 540, '2024-04-17', 308, 108),
(309, 545, '2024-04-18', 309, 109),
(310, 550, '2024-04-19', 310, 110),
(311, 555, '2024-04-20', 311, 111),
(312, 560, '2024-04-21', 312, 112),
(313, 565, '2024-04-22', 313, 113),
(314, 570, '2024-04-23', 314, 114),
(315, 575, '2024-04-24', 315, 115),
(316, 580, '2024-04-25', 316, 116),
(317, 585, '2024-04-26', 317, 117),
(318, 590, '2024-04-27', 318, 118),
(319, 595, '2024-04-28', 319, 119),
(320, 600, '2024-04-29', 320, 120),
(321, 605, '2024-04-30', 321, 121),
(322, 610, '2024-05-01', 322, 122),
(323, 615, '2024-05-02', 323, 123),
(324, 620, '2024-05-03', 324, 124),
(325, 625, '2024-05-04', 325, 125),
(326, 630, '2024-05-05', 326, 126),
(327, 635, '2024-05-06', 327, 127),
(328, 640, '2024-05-07', 328, 128),
(329, 645, '2024-05-08', 329, 129),
(330, 650, '2024-05-09', 330, 130),
(331, 655, '2024-05-10', 331, 131),
(332, 660, '2024-05-11', 332, 132),
(333, 665, '2024-05-12', 333, 133),
(334, 670, '2024-05-13', 334, 134),
(335, 675, '2024-05-14', 335, 135),
(336, 680, '2024-05-15', 336, 136),
(337, 685, '2024-05-16', 337, 137),
(338, 690, '2024-05-17', 338, 138),
(339, 695, '2024-05-18', 339, 139),
(340, 700, '2024-05-19', 340, 140),
(341, 705, '2024-05-20', 341, 141),
(342, 710, '2024-05-21', 342, 142),
(343, 715, '2024-05-22', 343, 143),
(344, 720, '2024-05-23', 344, 144),
(345, 725, '2024-05-24', 345, 145),
(346, 730, '2024-05-25', 346, 146),
(347, 735, '2024-05-26', 347, 147),
(348, 740, '2024-05-27', 348, 148),
(349, 745, '2024-05-28', 349, 149),
(350, 750, '2024-05-29', 350, 150),
(351, 755, '2024-05-30', 351, 151),
(352, 760, '2024-05-31', 352, 152),
(353, 765, '2024-06-01', 353, 153),
(354, 770, '2024-06-02', 354, 154),
(355, 775, '2024-06-03', 355, 155),
(356, 780, '2024-06-04', 356, 156),
(357, 785, '2024-06-05', 357, 157),
(358, 790, '2024-06-06', 358, 158),
(359, 795, '2024-06-07', 359, 159),
(360, 800, '2024-06-08', 360, 160),
(361, 805, '2024-06-09', 361, 161),
(362, 810, '2024-06-10', 362, 162),
(363, 815, '2024-06-11', 363, 163),
(364, 820, '2024-06-12', 364, 164),
(365, 825, '2024-06-13', 365, 165),
(366, 830, '2024-06-14', 366, 166),
(367, 835, '2024-06-15', 367, 167),
(368, 840, '2024-06-16', 368, 168),
(369, 845, '2024-06-17', 369, 169),
(370, 850, '2024-06-18', 370, 170),
(371, 855, '2024-06-19', 371, 171),
(372, 860, '2024-06-20', 372, 172),
(373, 865, '2024-06-21', 373, 173),
(374, 870, '2024-06-22', 374, 174),
(375, 875, '2024-06-23', 375, 175),
(376, 880, '2024-06-24', 376, 176),
(377, 885, '2024-06-25', 377, 177),
(378, 890, '2024-06-26', 378, 178),
(379, 895, '2024-06-27', 379, 179),
(380, 900, '2024-06-28', 380, 180),
(381, 905, '2024-06-29', 381, 181),
(382, 910, '2024-06-30', 382, 182),
(383, 915, '2024-07-01', 383, 183),
(384, 920, '2024-07-02', 384, 184),
(385, 925, '2024-07-03', 385, 185),
(386, 930, '2024-07-04', 386, 186),
(387, 935, '2024-07-05', 387, 187),
(388, 940, '2024-07-06', 388, 188),
(389, 945, '2024-07-07', 389, 189),
(390, 950, '2024-07-08', 390, 190),
(391, 955, '2024-07-09', 391, 191),
(392, 960, '2024-07-10', 392, 192),
(393, 965, '2024-07-11', 393, 193),
(394, 970, '2024-07-12', 394, 194),
(395, 975, '2024-07-13', 395, 195),
(396, 980, '2024-07-14', 396, 196),
(397, 985, '2024-07-15', 397, 197),
(398, 990, '2024-07-16', 398, 198),
(399, 995, '2024-07-17', 399, 199),
(400, 1000, '2024-07-18', 400, 200);

INSERT INTO `amazongo`.`RestockOrder` (`OrderID`, `RestockThreshold`, `SupplierID`, `InventoryID`) VALUES
(1, '50', 1, 1),
(2, '60', 2, 2),
(3, '70', 3, 3),
(4, '80', 4, 4),
(5, '90', 5, 5),
(6, '100', 6, 6),
(7, '110', 7, 7),
(8, '120', 8, 8),
(9, '130', 9, 9),
(10, '140', 10, 10),
(11, '150', 11, 11),
(12, '160', 12, 12),
(13, '170', 13, 13),
(14, '180', 14, 14),
(15, '190', 15, 15),
(16, '200', 16, 16),
(17, '210', 17, 17),
(18, '220', 18, 18),
(19, '230', 19, 19),
(20, '240', 20, 20),
(21, '250', 21, 21),
(22, '260', 22, 22),
(23, '270', 23, 23),
(24, '280', 24, 24),
(25, '290', 25, 25),
(26, '300', 26, 26),
(27, '310', 27, 27),
(28, '320', 28, 28),
(29, '330', 29, 29),
(30, '340', 30, 30),
(31, '350', 31, 31),
(32, '360', 32, 32),
(33, '370', 33, 33),
(34, '380', 34, 34),
(35, '390', 35, 35),
(36, '400', 36, 36),
(37, '410', 37, 37),
(38, '420', 38, 38),
(39, '430', 39, 39),
(40, '440', 40, 40),
(41, '450', 41, 41),
(42, '460', 42, 42),
(43, '470', 43, 43),
(44, '480', 44, 44),
(45, '490', 45, 45),
(46, '500', 46, 46),
(47, '510', 47, 47),
(48, '520', 48, 48),
(49, '530', 49, 49),
(50, '540', 50, 50),
(51, '550', 51, 51),
(52, '560', 52, 52),
(53, '570', 53, 53),
(54, '580', 54, 54),
(55, '590', 55, 55),
(56, '600', 56, 56),
(57, '610', 57, 57),
(58, '620', 58, 58),
(59, '630', 59, 59),
(60, '640', 60, 60),
(61, '650', 61, 61),
(62, '660', 62, 62),
(63, '670', 63, 63),
(64, '680', 64, 64),
(65, '690', 65, 65),
(66, '700', 66, 66),
(67, '710', 67, 67),
(68, '720', 68, 68),
(69, '730', 69, 69),
(70, '740', 70, 70),
(71, '750', 71, 71),
(72, '760', 72, 72),
(73, '770', 73, 73),
(74, '780', 74, 74),
(75, '790', 75, 75),
(76, '800', 76, 76),
(77, '810', 77, 77),
(78, '820', 78, 78),
(79, '830', 79, 79),
(80, '840', 80, 80),
(81, '850', 81, 81),
(82, '860', 82, 82),
(83, '870', 83, 83),
(84, '880', 84, 84),
(85, '890', 85, 85),
(86, '900', 86, 86),
(87, '910', 87, 87),
(88, '920', 88, 88),
(89, '930', 89, 89),
(90, '940', 90, 90),
(91, '950', 91, 91),
(92, '960', 92, 92),
(93, '970', 93, 93),
(94, '980', 94, 94),
(95, '990', 95, 95),
(96, '1000', 96, 96),
(97, '1010', 97, 97),
(98, '1020', 98, 98),
(99, '1030', 99, 99),
(100, '1040', 100, 100);

INSERT INTO `amazongo`.`FraudDetectionLog` (`FraudDetectionLogID`, `DetectionType`, `Time`, `Status`, `TransactionID`) VALUES
(1, 'Unusual Purchase Patterns', '2024-12-01 00:00:00', 'Pending', 1),
(2, 'Multiple Failed Payment Attempts', '2024-12-01 01:00:00', 'Resolved', 2),
(3, 'Unusual Store Entry', '2024-12-01 02:00:00', 'Pending', 3),
(4, 'High-Frequency Item Returns', '2024-12-01 03:00:00', 'Pending', 4),
(5, 'Suspicious Account Activity', '2024-12-01 04:00:00', 'Resolved', 5),
(6, 'Large Volume Purchase', '2024-12-01 05:00:00', 'Pending', 6),
(7, 'Unusual Purchase Locations', '2024-12-01 06:00:00', 'Pending', 7),
(8, 'High-Value Item Purchase', '2024-12-01 07:00:00', 'Resolved', 8),
(9, 'Account Takeover Suspected', '2024-12-01 08:00:00', 'Pending', 9),
(10, 'Multiple Device Logins', '2024-12-01 09:00:00', 'Pending', 10),
(11, 'Unusual Purchase Patterns', '2024-12-01 10:00:00', 'Resolved', 11),
(12, 'Multiple Failed Payment Attempts', '2024-12-01 11:00:00', 'Pending', 12),
(13, 'Unusual Store Entry', '2024-12-01 12:00:00', 'Pending', 13),
(14, 'High-Frequency Item Returns', '2024-12-01 13:00:00', 'Resolved', 14),
(15, 'Suspicious Account Activity', '2024-12-01 14:00:00', 'Pending', 15),
(16, 'Large Volume Purchase', '2024-12-01 15:00:00', 'Pending', 16),
(17, 'Unusual Purchase Locations', '2024-12-01 16:00:00', 'Resolved', 17),
(18, 'High-Value Item Purchase', '2024-12-01 17:00:00', 'Pending', 18),
(19, 'Account Takeover Suspected', '2024-12-01 18:00:00', 'Pending', 19),
(20, 'Multiple Device Logins', '2024-12-01 19:00:00', 'Resolved', 20),
(21, 'Unusual Purchase Patterns', '2024-12-01 20:00:00', 'Pending', 21),
(22, 'Multiple Failed Payment Attempts', '2024-12-01 21:00:00', 'Resolved', 22),
(23, 'Unusual Store Entry', '2024-12-01 22:00:00', 'Pending', 23),
(24, 'High-Frequency Item Returns', '2024-12-01 23:00:00', 'Pending', 24),
(25, 'Suspicious Account Activity', '2024-12-02 00:00:00', 'Resolved', 25),
(26, 'Large Volume Purchase', '2024-12-02 01:00:00', 'Pending', 26),
(27, 'Unusual Purchase Locations', '2024-12-02 02:00:00', 'Pending', 27),
(28, 'High-Value Item Purchase', '2024-12-02 03:00:00', 'Resolved', 28),
(29, 'Account Takeover Suspected', '2024-12-02 04:00:00', 'Pending', 29),
(30, 'Multiple Device Logins', '2024-12-02 05:00:00', 'Pending', 30),
(31, 'Unusual Purchase Patterns', '2024-12-02 06:00:00', 'Resolved', 31),
(32, 'Multiple Failed Payment Attempts', '2024-12-02 07:00:00', 'Pending', 32),
(33, 'Unusual Store Entry', '2024-12-02 08:00:00', 'Pending', 33),
(34, 'High-Frequency Item Returns', '2024-12-02 09:00:00', 'Resolved', 34),
(35, 'Suspicious Account Activity', '2024-12-02 10:00:00', 'Pending', 35),
(36, 'Large Volume Purchase', '2024-12-02 11:00:00', 'Pending', 36),
(37, 'Unusual Purchase Locations', '2024-12-02 12:00:00', 'Resolved', 37),
(38, 'High-Value Item Purchase', '2024-12-02 13:00:00', 'Pending', 38),
(39, 'Account Takeover Suspected', '2024-12-02 14:00:00', 'Pending', 39),
(40, 'Multiple Device Logins', '2024-12-02 15:00:00', 'Resolved', 40),
(41, 'Unusual Purchase Patterns', '2024-12-02 16:00:00', 'Pending', 41),
(42, 'Multiple Failed Payment Attempts', '2024-12-02 17:00:00', 'Resolved', 42),
(43, 'Unusual Store Entry', '2024-12-02 18:00:00', 'Pending', 43),
(44, 'High-Frequency Item Returns', '2024-12-02 19:00:00', 'Pending', 44),
(45, 'Suspicious Account Activity', '2024-12-02 20:00:00', 'Resolved', 45),
(46, 'Large Volume Purchase', '2024-12-02 21:00:00', 'Pending', 46),
(47, 'Unusual Purchase Locations', '2024-12-02 22:00:00', 'Pending', 47),
(48, 'High-Value Item Purchase', '2024-12-02 23:00:00', 'Resolved', 48),
(49, 'Account Takeover Suspected', '2024-12-03 00:00:00', 'Pending', 49),
(50, 'Multiple Device Logins', '2024-12-03 01:00:00', 'Pending', 50),
(51, 'Unusual Purchase Patterns', '2024-12-03 02:00:00', 'Resolved', 51),
(52, 'Multiple Failed Payment Attempts', '2024-12-03 03:00:00', 'Pending', 52),
(53, 'Unusual Store Entry', '2024-12-03 04:00:00', 'Pending', 53),
(54, 'High-Frequency Item Returns', '2024-12-03 05:00:00', 'Resolved', 54),
(55, 'Suspicious Account Activity', '2024-12-03 06:00:00', 'Pending', 55),
(56, 'Large Volume Purchase', '2024-12-03 07:00:00', 'Pending', 56),
(57, 'Unusual Purchase Locations', '2024-12-03 08:00:00', 'Resolved', 57),
(58, 'High-Value Item Purchase', '2024-12-03 09:00:00', 'Pending', 58),
(59, 'Account Takeover Suspected', '2024-12-03 10:00:00', 'Pending', 59),
(60, 'Multiple Device Logins', '2024-12-03 11:00:00', 'Resolved', 60),
(61, 'Unusual Purchase Patterns', '2024-12-03 12:00:00', 'Pending', 61),
(62, 'Multiple Failed Payment Attempts', '2024-12-03 13:00:00', 'Resolved', 62),
(63, 'Unusual Store Entry', '2024-12-03 14:00:00', 'Pending', 63),
(64, 'High-Frequency Item Returns', '2024-12-03 15:00:00', 'Pending', 64),
(65, 'Suspicious Account Activity', '2024-12-03 16:00:00', 'Resolved', 65),
(66, 'Large Volume Purchase', '2024-12-03 17:00:00', 'Pending', 66),
(67, 'Unusual Purchase Locations', '2024-12-03 18:00:00', 'Pending', 67),
(68, 'High-Value Item Purchase', '2024-12-03 19:00:00', 'Resolved', 68),
(69, 'Account Takeover Suspected', '2024-12-03 20:00:00', 'Pending', 69),
(70, 'Multiple Device Logins', '2024-12-03 21:00:00', 'Pending', 70),
(71, 'Unusual Purchase Patterns', '2024-12-03 22:00:00', 'Resolved', 71),
(72, 'Multiple Failed Payment Attempts', '2024-12-03 23:00:00', 'Pending', 72),
(73, 'Unusual Store Entry', '2024-12-04 00:00:00', 'Pending', 73),
(74, 'High-Frequency Item Returns', '2024-12-04 01:00:00', 'Resolved', 74),
(75, 'Suspicious Account Activity', '2024-12-04 02:00:00', 'Pending', 75),
(76, 'Large Volume Purchase', '2024-12-04 03:00:00', 'Pending', 76),
(77, 'Unusual Purchase Locations', '2024-12-04 04:00:00', 'Resolved', 77),
(78, 'High-Value Item Purchase', '2024-12-04 05:00:00', 'Pending', 78),
(79, 'Account Takeover Suspected', '2024-12-04 06:00:00', 'Pending', 79),
(80, 'Multiple Device Logins', '2024-12-04 07:00:00', 'Resolved', 80),
(81, 'Unusual Purchase Patterns', '2024-12-04 08:00:00', 'Pending', 81),
(82, 'Multiple Failed Payment Attempts', '2024-12-04 09:00:00', 'Resolved', 82),
(83, 'Unusual Store Entry', '2024-12-04 10:00:00', 'Pending', 83),
(84, 'High-Frequency Item Returns', '2024-12-04 11:00:00', 'Pending', 84),
(85, 'Suspicious Account Activity', '2024-12-04 12:00:00', 'Resolved', 85),
(86, 'Large Volume Purchase', '2024-12-04 13:00:00', 'Pending', 86),
(87, 'Unusual Purchase Locations', '2024-12-04 14:00:00', 'Pending', 87),
(88, 'High-Value Item Purchase', '2024-12-04 15:00:00', 'Resolved', 88),
(89, 'Account Takeover Suspected', '2024-12-04 16:00:00', 'Pending', 89),
(90, 'Multiple Device Logins', '2024-12-04 17:00:00', 'Pending', 90),
(91, 'Unusual Purchase Patterns', '2024-12-04 18:00:00', 'Resolved', 91),
(92, 'Multiple Failed Payment Attempts', '2024-12-04 19:00:00', 'Pending', 92),
(93, 'Unusual Store Entry', '2024-12-04 20:00:00', 'Pending', 93),
(94, 'High-Frequency Item Returns', '2024-12-04 21:00:00', 'Resolved', 94),
(95, 'Suspicious Account Activity', '2024-12-04 22:00:00', 'Pending', 95),
(96, 'Large Volume Purchase', '2024-12-04 23:00:00', 'Pending', 96),
(97, 'Unusual Purchase Locations', '2024-12-05 00:00:00', 'Resolved', 97),
(98, 'High-Value Item Purchase', '2024-12-05 01:00:00', 'Pending', 98),
(99, 'Account Takeover Suspected', '2024-12-05 02:00:00', 'Pending', 99),
(100, 'Multiple Device Logins', '2024-12-05 03:00:00', 'Resolved', 100);

INSERT INTO `amazongo`.`FraudResolution` (`FraudResolutionID`, `Date`, `FraudDetectionLogID`, `EmployeeID`) VALUES
(1, '2024-12-01', 1, 1),
(2, '2024-12-01', 2, 2),
(3, '2024-12-01', 3, 3),
(4, '2024-12-01', 4, 4),
(5, '2024-12-01', 5, 5),
(6, '2024-12-01', 6, 6),
(7, '2024-12-01', 7, 7),
(8, '2024-12-01', 8, 8),
(9, '2024-12-01', 9, 9),
(10, '2024-12-01', 10, 10),
(11, '2024-12-01', 11, 11),
(12, '2024-12-01', 12, 12),
(13, '2024-12-01', 13, 13),
(14, '2024-12-01', 14, 14),
(15, '2024-12-01', 15, 15),
(16, '2024-12-01', 16, 16),
(17, '2024-12-01', 17, 17),
(18, '2024-12-01', 18, 18),
(19, '2024-12-01', 19, 19),
(20, '2024-12-01', 20, 20),
(21, '2024-12-01', 21, 21),
(22, '2024-12-01', 22, 22),
(23, '2024-12-01', 23, 23),
(24, '2024-12-01', 24, 24),
(25, '2024-12-01', 25, 25),
(26, '2024-12-01', 26, 26),
(27, '2024-12-01', 27, 27),
(28, '2024-12-01', 28, 28),
(29, '2024-12-01', 29, 29),
(30, '2024-12-01', 30, 30),
(31, '2024-12-01', 31, 31),
(32, '2024-12-01', 32, 32),
(33, '2024-12-01', 33, 33),
(34, '2024-12-01', 34, 34),
(35, '2024-12-01', 35, 35),
(36, '2024-12-01', 36, 36),
(37, '2024-12-01', 37, 37),
(38, '2024-12-01', 38, 38),
(39, '2024-12-01', 39, 39),
(40, '2024-12-01', 40, 40),
(41, '2024-12-01', 41, 41),
(42, '2024-12-01', 42, 42),
(43, '2024-12-01', 43, 43),
(44, '2024-12-01', 44, 44),
(45, '2024-12-01', 45, 45),
(46, '2024-12-01', 46, 46),
(47, '2024-12-01', 47, 47),
(48, '2024-12-01', 48, 48),
(49, '2024-12-01', 49, 49),
(50, '2024-12-01', 50, 50);

